,Time,Lagoon,Precipitation,Discharge,NDVI,Temperature,PixelPercentage,SOI,ENSO
0,2001-01-31,mallorquin,-71.25117810875027,265.5219017094014,0.14491204913682543,2.4484764503324463,85.54964539007092,1.6,Nina
1,2001-02-28,mallorquin,-70.25449969368243,-2061.188034188034,0.0678879916084974,3.1172449391004093,0.0,2.8,Nina
2,2001-03-31,mallorquin,-69.25782127861459,-1780.8979700854707,-0.0013732518378742897,3.8119291661735453,89.8936170212766,1.5,Nina
3,2001-04-30,mallorquin,-68.26114286354675,-1355.6079059829062,-0.1728376692165237,-7.8146678934103875,11.199763593380617,0.3,Neutral
4,2001-05-31,mallorquin,5.44002273100827,-608.3178418803427,-0.13526415751560128,-5.061064739252828,0.0,-0.8,Neutral
5,2001-06-30,mallorquin,-65.36778603341106,659.9722222222217,-0.11225006066291987,-2.7919739408039916,0.0,0.5,Neutral
6,2001-07-31,mallorquin,-49.750373931623926,-333.91666666666697,-0.09798157473412583,-0.8180819177552188,0.0,-0.3,Neutral
7,2001-08-31,mallorquin,65.64962606837608,-1007.75,-0.09190857996880775,2.0813435044887427,50.797872340425535,-0.7,Neutral
8,2001-09-30,mallorquin,59.52045940170941,-710.541666666667,0.0503933558361932,4.006657909972677,47.78368794326241,0.3,Neutral
9,2001-10-31,mallorquin,156.99129273504275,914.375,0.11447742268350497,2.55592341609961,0.0,-0.1,Neutral
10,2001-11-30,mallorquin,115.0039797008547,2329.541666666668,0.18009198512229163,1.141541110553554,86.37706855791963,1.1,Neutral
11,2001-12-31,mallorquin,-59.395833333333336,3002.958333333334,0.1392052321239795,1.076498022910883,0.0,-1.4,Neutral
12,2002-01-31,mallorquin,-68.98333333333332,1034.125,0.036405418924836286,-0.42398793975276305,75.79787234042553,0.7,Neutral
13,2002-02-28,mallorquin,-66.64583333333334,-2440.541666666666,-0.029186065706366837,-1.330657330992878,0.0,1.8,Neutral
14,2002-03-31,mallorquin,-65.69166666666665,-2879.5,-0.08056662274299115,-1.9667946718502662,90.54373522458629,-0.4,Neutral
15,2002-04-30,mallorquin,-62.158333333333324,-1207.041666666666,-0.08259730238836166,-1.7392383163719884,0.0,-0.1,Neutral
16,2002-05-31,mallorquin,10.858333333333341,283.1666666666679,-0.026463077047673145,-0.7607582551558068,0.0,-1.4,Nino
17,2002-06-30,mallorquin,54.829166666666666,2013.416666666667,0.019703808363736308,-0.03318832765170754,93.52836879432624,-0.4,Nino
18,2002-07-31,mallorquin,11.275000000000013,1410.666666666667,0.02783921733198469,4.2172878666542815,92.6418439716312,-0.8,Nino
19,2002-08-31,mallorquin,-9.824999999999989,-735.75,0.02732480249379854,4.218366393020581,0.0,-1.6,Nino
20,2002-09-30,mallorquin,170.60416666666669,-550.3749999999991,0.06190974628104862,4.2671370263593715,0.0,-1.0,Nino
21,2002-10-31,mallorquin,-14.29999999999999,-3.375,0.07923537128479752,3.3841378369398853,56.50118203309693,-0.6,Nino
22,2002-11-30,mallorquin,-34.2375,2523.749999999999,0.1323459580185561,0.767232979018516,56.885342789598106,-0.7,Nino
23,2002-12-31,mallorquin,-43.3625,1174.541666666667,0.06658711885057278,-0.3581078465515546,0.0,-1.8,Nino
24,2003-01-31,mallorquin,-46.641666666666666,-1545.541666666666,-0.06350954396239411,-2.8609666664057762,27.955082742316783,-0.3,Nino
25,2003-02-28,mallorquin,-47.11666666666667,-2649.5,-0.09352216811013325,-1.321257047925947,91.40070921985816,-1.1,Nino
26,2003-03-31,mallorquin,-43.05833333333333,-2699.208333333333,-0.10818915660638057,0.38690651517761054,91.51891252955082,-0.5,Nino
27,2003-04-30,mallorquin,-36.862500000000004,-1749.791666666667,-0.12570806530872564,-5.717859286893283,92.49408983451536,-0.2,Neutral
28,2003-05-31,mallorquin,-4.817881944444437,176.41666666666697,-0.06916652450599897,-3.7033675867070706,0.0,-0.5,Neutral
29,2003-06-30,mallorquin,87.07256944444445,1063.375,-0.036564429203802484,-2.4421406132115564,0.0,-1.0,Neutral
30,2003-07-31,mallorquin,-40.76076388888889,1217.166666666667,-0.024414517994797547,-1.4433819651793698,0.0,0.5,Neutral
31,2003-08-31,mallorquin,-38.86076388888888,165.75,-0.030613332540155247,0.05424726400389801,0.0,0.2,Neutral
32,2003-09-30,mallorquin,9.739236111111111,-662.1666666666661,0.004302493770745708,1.7569548025295205,0.0,-0.2,Neutral
33,2003-10-31,mallorquin,153.76423611111113,1093.750000000001,0.020770748604419853,1.8768422804365592,0.0,0.0,Neutral
34,2003-11-30,mallorquin,133.43506944444448,3219.166666666668,0.04298954627374352,2.121186924360611,44.14893617021277,-0.5,Neutral
35,2003-12-31,mallorquin,53.93506944444445,4330.083333333333,0.17034635208242943,1.6620708032044789,81.47163120567376,1.8,Neutral
36,2004-01-31,mallorquin,-84.78993055555556,1585.375000000001,0.09654243522297801,-1.4390914443967162,74.17257683215131,-2.2,Neutral
37,2004-02-29,mallorquin,-90.89826388888889,-2942.041666666666,-0.008510728820019797,-1.213629234750055,78.98936170212765,2.0,Neutral
38,2004-03-31,mallorquin,-92.90243055555555,-3715.125,-0.11084020723119103,-0.18224724111042434,93.17375886524822,0.7,Neutral
39,2004-04-30,mallorquin,-39.17902504722973,-3033.833333333333,-0.05647509215767321,4.199743737081466,92.87825059101657,-1.5,Neutral
40,2004-05-31,mallorquin,24.91007502475631,-644.1249999999991,-0.04387171055001904,2.9959251913514464,87.5,1.7,Neutral
41,2004-06-30,mallorquin,-41.44958012592228,898.5000000000009,0.021605133849225133,5.674007762742065,0.0,-1.4,Nino
42,2004-07-31,mallorquin,88.3584034930723,-409.66666666666606,0.08351309886752067,7.816873581256832,77.27541371158392,-0.8,Nino
43,2004-08-31,mallorquin,33.45840349307229,-645.6666666666661,-0.09249519716402699,-13.069107089859756,15.218676122931443,-0.5,Nino
44,2004-09-30,mallorquin,40.358403493072295,-389.2500000000009,0.024886020520837215,-7.4509857283307,86.70212765957447,-0.6,Nino
45,2004-10-31,mallorquin,49.00500462658583,1313.375,0.08047614795751479,4.5197304564431775,71.36524822695036,-0.1,Nino
46,2004-11-30,mallorquin,30.84196366608225,3366.625,0.08509002300487867,-3.089158040732759,1.773049645390071,-1.1,Nino
47,2004-12-31,mallorquin,-60.08774396108797,4249.333333333333,0.05992251750468891,-9.586106392244183,72.04491725768321,-1.3,Nino
48,2005-01-31,mallorquin,-63.03780377188497,99.25,0.09086734398628427,5.031003213174426,93.49881796690308,0.6,Nino
49,2005-02-28,mallorquin,-63.208637105218294,-2528.458333333333,0.009222081895630119,3.394269679504621,94.1193853427896,-5.2,Nino
50,2005-03-31,mallorquin,-63.7586371052183,-3290.541666666666,-0.08002280812220297,3.0254141298290023,75.97517730496453,0.5,Nino
51,2005-04-30,mallorquin,-68.76120928021079,-2660.125,-0.3360587965118095,-5.527518168952579,54.107565011820334,-1.0,Neutral
52,2005-05-31,mallorquin,49.49705977173481,-451.54166666666606,-0.06834655709827109,-4.4411698373586646,40.27777777777778,-1.3,Neutral
53,2005-06-30,mallorquin,30.074276354037323,1290.250000000001,0.00964262457051468,1.3342246858736253,0.0,0.7,Neutral
54,2005-07-31,mallorquin,6.320459401709414,974.2916666666679,0.07984938719403234,6.47358810730951,75.79787234042553,0.3,Neutral
55,2005-08-31,mallorquin,59.12045940170941,-763.4166666666652,0.09304810345611236,7.515061789198292,82.21040189125296,-0.6,Neutral
56,2005-09-30,mallorquin,-32.57954059829059,-1170.0416666666652,0.036023339645791186,4.081223607746221,0.2364066193853428,0.6,Neutral
57,2005-10-31,mallorquin,177.49168892450143,-75.33333333333212,-0.05253096797255463,-0.8024261418480236,49.734042553191486,2.0,Nina
58,2005-11-30,mallorquin,152.4693665420228,2309.208333333335,0.04776586786582604,-18.976624183451122,25.206855791962173,-0.3,Nina
59,2005-12-31,mallorquin,-100.8825186965812,4751.708333333334,0.11339701616715259,4.260658170955583,74.85224586288416,0.0,Nina
60,2006-01-31,mallorquin,-106.36820164895974,1068.250000000001,0.04510164020679075,0.30269366979401724,88.20921985815603,2.7,Nina
61,2006-02-28,mallorquin,-110.4891235576788,-2695.6666666666642,-0.0686973103047781,1.645355370862898,93.14420803782508,0.2,Nina
62,2006-03-31,mallorquin,-120.40228546901221,-3942.833333333332,-0.09761489411226532,1.7186434906663095,0.0,2.9,Nina
63,2006-04-30,mallorquin,-78.1549620122659,-1998.5,-0.09683667980499244,0.7783010526399785,0.0,1.8,Nina
64,2006-05-31,mallorquin,70.07496887452595,518.0833333333339,-0.03885727897515823,-0.11669073013408138,0.0,-0.8,Neutral
65,2006-06-30,mallorquin,70.23821499050868,2936.041666666667,0.010401641345026857,-1.3790494216553455,0.0,-0.4,Neutral
66,2006-07-31,mallorquin,34.41331706117364,2190.541666666667,0.053658649624671706,-2.1258908904133555,81.38297872340425,-1.0,Neutral
67,2006-08-31,mallorquin,64.80266115626026,-856.416666666667,0.05204431818965782,3.8451684233830363,96.60165484633568,-1.7,Nino
68,2006-09-30,mallorquin,134.52707712391873,-649.458333333333,0.07780861829793528,4.1162134234487695,94.3853427895981,-1.0,Nino
69,2006-10-31,mallorquin,102.34741100468263,-404.16666666666606,0.050872403747896255,-0.5181602866376771,0.8569739952718677,-2.1,Nino
70,2006-11-30,mallorquin,43.868695294990715,1531.375000000001,0.03381311504038709,-4.7944759987869325,42.10992907801418,0.1,Nino
71,2006-12-31,mallorquin,-76.8512908919092,2996.500000000001,0.11538735769872399,2.308553531669741,78.87115839243499,-0.5,Nino
72,2007-01-31,mallorquin,-108.89987214695192,282.2916666666679,0.022459826848712616,-1.6960448234656802,84.69267139479906,-1.3,Nino
73,2007-02-28,mallorquin,-110.6247835715662,-4008.583333333334,-0.05552260812138332,-1.0294505223142316,0.0,-0.1,Nino
74,2007-03-31,mallorquin,-113.23662166023277,-5083.291666666666,-0.12728494000965845,-0.0430266434488189,0.0,0.3,Neutral
75,2007-04-30,mallorquin,-79.68512033065429,-2615.749999999998,-0.16782374518422843,-0.020452323865526978,15.543735224586287,-0.2,Neutral
76,2007-05-31,mallorquin,88.95252356887862,-133.54166666666606,-0.09570500320513786,0.7522311028783442,0.0,-0.2,Nina
77,2007-06-30,mallorquin,-44.343788786420305,2439.416666666668,-0.036111247643315525,1.169723144965399,0.0,0.9,Nina
78,2007-07-31,mallorquin,-39.39999999999998,2152.958333333334,0.018185250142505605,1.4970720179689998,32.77186761229314,-0.5,Nina
79,2007-08-31,mallorquin,193.70000000000005,243.83333333333394,0.022516878314208233,0.9442666597355789,0.0,0.7,Nina
80,2007-09-30,mallorquin,82.00000000000001,1184.1666666666679,0.0636838969477802,0.7106629936933544,0.0,0.3,Nina
81,2007-10-31,mallorquin,288.47291666666666,1104.2083333333358,0.08676560354187068,-0.986168511215876,0.0,1.2,Nina
82,2007-11-30,mallorquin,-47.439583333333324,3821.041666666668,0.11733624979654245,-2.3598516732700006,75.29550827423168,1.4,Nina
83,2007-12-31,mallorquin,-90.16666666666667,3285.208333333332,0.07831852339666345,-1.199814922877561,86.99763593380615,2.7,Nina
84,2008-01-31,mallorquin,-99.40416666666665,-253.79166666666606,0.04292753749897249,0.0808765172803021,83.65839243498819,2.9,Nina
85,2008-02-29,mallorquin,-94.72291666666666,-3875.166666666668,0.020562462105568113,-1.5482210428693008,82.41725768321513,4.4,Nina
86,2008-03-31,mallorquin,-91.47708333333333,-4077.916666666668,-0.12349029662308464,-2.9543148577629275,92.02127659574468,2.4,Nina
87,2008-04-30,mallorquin,-79.92708333333333,-3962.416666666668,-0.07037792339128568,5.59125535786422,77.42316784869976,1.1,Nina
88,2008-05-31,mallorquin,46.72083333333333,-1998.833333333334,-0.04921366191054366,-0.036793987185081534,91.548463356974,-0.1,Nina
89,2008-06-30,mallorquin,-57.97500000000001,175.87499999999818,-0.03193365637201839,-0.018186491202627053,0.0,1.0,Nina
90,2008-07-31,mallorquin,-66.73749999999998,1591.541666666666,-0.0301465743907966,-0.0011284199976628884,0.0,0.5,Nina
91,2008-08-31,mallorquin,155.0125,1891.875,-0.043292589031233786,0.3393659315811277,0.0,1.7,Neutral
92,2008-09-30,mallorquin,89.11250000000003,2015.958333333334,-0.02004771786339099,0.6574656332147129,0.0,2.0,Neutral
93,2008-10-31,mallorquin,66.94375000000001,1866.541666666666,-0.011102906789158151,0.1950221062056734,0.0,2.1,Nina
94,2008-11-30,mallorquin,232.97291666666666,3092.625,0.006467089720390118,0.2320073703501393,42.84869976359338,2.2,Nina
95,2008-12-31,mallorquin,-96.33333333333333,4292.958333333334,0.17778913284779352,-2.1626668482067295,84.27895981087471,2.4,Nina
96,2009-01-31,mallorquin,-100.66874999999999,374.9166666666679,0.12188475054289749,-0.6349363609644598,0.0,1.8,Nina
97,2009-02-28,mallorquin,-92.16666666666667,-2687.375,0.07098155017601382,1.8811717730712587,76.59574468085107,3.1,Nina
98,2009-03-31,mallorquin,-78.64791666666667,-3323.708333333332,-0.051125345173781866,0.14569071756686114,97.01536643026006,0.7,Nina
99,2009-04-30,mallorquin,-71.74166666666666,-1485.708333333334,-0.10120845605131407,-0.4631116341655961,86.28841607565012,1.3,Nina
100,2009-05-31,mallorquin,63.61250000000001,-44.16666666666697,-2.4134925319274636e-05,1.582039323162423,94.23758865248227,-0.2,Neutral
101,2009-06-30,mallorquin,108.65000000000003,495.95833333333394,-0.03141700711482509,-3.5208703382119673,56.442080378250594,0.2,Nino
102,2009-07-31,mallorquin,-48.84583333333333,738.5000000000009,0.02064262223598634,0.5666426333163983,97.75413711583924,0.4,Nino
103,2009-08-31,mallorquin,12.954166666666673,-168.83333333333212,-0.1643705966806288,-1.3156181420107984,11.643026004728132,-0.3,Nino
104,2009-09-30,mallorquin,-14.599999999999994,153.95833333333394,-0.06918674391127133,0.4692562127538267,0.0,0.5,Nino
105,2009-10-31,mallorquin,80.09583333333336,-438.04166666666606,0.0016592132195973885,1.033769501362734,88.12056737588652,-2.0,Nino
106,2009-11-30,mallorquin,33.189583333333324,1523.916666666667,0.11880852040981926,0.10637781052564321,81.56028368794325,-1.0,Nino
107,2009-12-31,mallorquin,-62.208333333333336,529.7500000000009,0.13822769686577785,0.2138948077445093,85.1063829787234,-1.2,Nino
108,2010-01-31,mallorquin,-77.74166666666666,-2397.041666666666,0.04807623565987251,1.0943750407290658,97.54728132387709,-1.8,Nino
109,2010-02-28,mallorquin,-96.64375,-3693.249999999999,-0.03133893396790077,3.6199245329742524,0.0,-2.4,Nino
110,2010-03-31,mallorquin,-95.68125,-3611.208333333332,-0.10926140211233576,5.941325049589633,85.25413711583924,-1.1,Nino
111,2010-04-30,mallorquin,-128.58958333333334,-2919.583333333333,-0.08365465412993556,3.023968313897104,0.0,2.0,Nino
112,2010-05-31,mallorquin,19.027083333333337,-907.166666666667,-0.0012943041188924198,0.6282416127450894,12.79550827423168,1.5,Nina
113,2010-06-30,mallorquin,29.243750000000034,586.9583333333339,-0.03008931674523796,-9.365082678848424,65.78014184397163,0.6,Nina
114,2010-07-31,mallorquin,111.56250000000003,1627.2083333333358,-0.017549129432056887,-6.941843189687873,0.0,3.0,Nina
115,2010-08-31,mallorquin,34.61250000000001,2891.000000000002,-0.019527198066453866,-3.8760773613615385,0.0,3.0,Nina
116,2010-09-30,mallorquin,365.06666666666666,2675.875000000002,0.013393429016421488,-0.5079769446853177,0.0,3.7,Nina
117,2010-10-31,mallorquin,138.68541666666667,3225.958333333334,0.02817864703730133,1.6899006909779146,54.43262411347518,2.9,Nina
118,2010-11-30,mallorquin,60.35000000000002,2902.0,0.10146558949705242,2.040222988188159,0.0,2.1,Nina
119,2010-12-31,mallorquin,-45.37083333333331,2778.416666666666,0.15297510197440722,3.3214863781997828,78.42789598108747,4.8,Nina
120,2011-01-31,mallorquin,-196.70833333333331,107.83333333333576,0.030834187993198148,1.9421668354621424,79.81678486997636,3.8,Nina
121,2011-02-28,mallorquin,-195.56666666666666,-4502.791666666664,-0.08340307770551281,1.3915483882452335,58.15602836879432,4.5,Nina
122,2011-03-31,mallorquin,-180.04166666666669,-4365.291666666666,-0.09766462417683275,0.6554729520027713,83.74704491725768,4.2,Nina
123,2011-04-30,mallorquin,-156.79791666666668,-2360.083333333334,-0.11845327861646926,-1.4192766018839684,81.8853427895981,3.1,Nina
124,2011-05-31,mallorquin,157.86458333333337,1630.0416666666642,-0.04647020664605883,-2.2739716195888455,0.0,0.6,Nina
125,2011-06-30,mallorquin,31.943749999999994,2580.291666666668,0.01691957388508547,-3.6125559170246646,0.0,0.4,Nina
126,2011-07-31,mallorquin,144.1875,1006.0,0.07534911536225697,-4.868676365087591,23.02009456264776,1.6,Nina
127,2011-08-31,mallorquin,5.4375,-100.375,0.06142664024149003,1.624402274908043,60.52009456264776,0.7,Nina
128,2011-09-30,mallorquin,51.287499999999994,-1021.0416666666642,0.10773347270822287,10.132896088068232,98.46335697399527,1.7,Nina
129,2011-10-31,mallorquin,199.68958333333333,-430.04166666666606,0.12129910387053477,0.7196620619287231,55.43735224586288,1.2,Nina
130,2011-11-30,mallorquin,236.27083333333331,1574.3333333333321,-0.01837771411295841,-0.5436307396336275,18.587470449172574,1.8,Nina
131,2011-12-31,mallorquin,-145.34375000000003,3823.75,0.12573242309312005,1.5270380632157057,99.88179669030734,4.1,Nina
132,2012-01-31,mallorquin,-136.72291666666666,2124.5,-0.11225123422460892,-6.728417243971183,19.73995271867612,1.8,Nina
133,2012-02-29,mallorquin,-119.4375,-1879.291666666666,-0.1157137971675436,-2.979185343138699,0.0,0.8,Nina
134,2012-03-31,mallorquin,-110.34791666666666,-4033.916666666666,-0.11650476014222311,1.5214999231351989,85.25413711583924,1.2,Nina
135,2012-04-30,mallorquin,-56.712500000000006,-1748.1249999999982,-0.05850363003862591,-2.489072753027017,80.55555555555556,-0.4,Nina
136,2012-05-31,mallorquin,137.75416666666666,1613.833333333334,-0.07598853005036577,2.2514472962164547,66.99172576832152,0.1,Nina
137,2012-06-30,mallorquin,-18.4125,1367.0000000000018,0.04614061817466264,4.09716543862007,93.61702127659576,-0.7,Neutral
138,2012-07-31,mallorquin,-58.079166666666666,-624.0416666666652,-0.06479581307027882,3.5977908657166537,67.81914893617021,-0.1,Neutral
139,2012-08-31,mallorquin,20.22083333333334,-372.79166666666515,0.061996268306530045,-1.7922046262296547,87.94326241134752,-0.3,Neutral
140,2012-09-30,mallorquin,45.72083333333334,124.16666666666788,0.06157450530381703,0.6479070464958809,80.55555555555556,0.4,Neutral
141,2012-10-31,mallorquin,117.775,165.50000000000182,0.047950134094909114,-8.109902903599703,83.21513002364065,0.5,Neutral
142,2012-11-30,mallorquin,-4.439583333333331,1849.708333333334,0.11606570618929202,5.250578506015728,95.89243498817966,0.4,Neutral
143,2012-12-31,mallorquin,-51.44999999999999,1020.9166666666679,0.096667207775323,4.128595167585665,0.0,-1.0,Neutral
144,2013-01-31,mallorquin,-52.358333333333334,-2142.541666666666,0.013208846263185192,1.7762924293996498,98.84751773049646,-0.1,Neutral
145,2013-02-28,mallorquin,-54.766666666666666,-2589.958333333332,-0.04304771952399966,1.3573442889647538,0.0,-0.4,Neutral
146,2013-03-31,mallorquin,-68.24791666666667,-2012.875,-0.08934812373710055,0.40857249658860795,0.0,2.5,Neutral
147,2013-04-30,mallorquin,-77.28124999999997,-1671.8333333333321,-0.10561357101637936,-2.0772610708575705,0.0,0.4,Neutral
148,2013-05-31,mallorquin,96.575,270.125,-0.07098095048929509,-3.941762291238618,0.0,1.3,Neutral
149,2013-06-30,mallorquin,-49.925,2147.25,-0.04892259620554018,-5.693595618572772,0.0,2.0,Neutral
150,2013-07-31,mallorquin,-46.27499999999999,413.91666666666697,-0.0352542610989538,-7.689782471400182,64.24349881796691,1.3,Neutral
151,2013-08-31,mallorquin,24.22500000000001,-783.333333333333,-0.01640478993943273,-2.732807475286993,0.0,0.3,Neutral
152,2013-09-30,mallorquin,323.275,966.4583333333339,0.0371548472285147,2.1981431105309426,0.0,0.5,Neutral
153,2013-10-31,mallorquin,59.10416666666667,1422.250000000001,0.07567930122663236,5.95429002613988,34.78132387706856,-0.1,Neutral
154,2013-11-30,mallorquin,-5.20208333333332,2104.666666666667,0.1344228868219869,4.837316069958323,100.0,1.2,Neutral
155,2013-12-31,mallorquin,-64.23541666666667,2033.5833333333348,0.06823694026231786,1.227877747057768,99.85224586288416,0.1,Neutral
156,2014-01-31,mallorquin,-61.71249999999999,-431.125,0.0452396639865601,-0.08142972822552608,99.20212765957449,2.4,Neutral
157,2014-02-28,mallorquin,-59.70833333333333,-2320.791666666666,0.009592852107324079,-0.28998969124990737,99.0839243498818,0.1,Neutral
158,2014-03-31,mallorquin,-54.360416666666666,-1405.75,-0.028020105372345894,0.235518833666859,99.37943262411348,-1.5,Neutral
159,2014-04-30,mallorquin,-50.529166666666654,-1769.875000000001,-0.11707320131640497,-3.8521834304144953,99.49763593380617,1.3,Neutral
160,2014-05-31,mallorquin,-39.34583333333332,672.8333333333339,-0.07004400607841577,0.14967681836346003,7.505910165484633,0.9,Neutral
161,2014-06-30,mallorquin,-49.24166666666666,850.8333333333339,-0.03908794841436791,3.3485610740772387,99.79314420803782,0.3,Neutral
162,2014-07-31,mallorquin,-51.50416666666666,-1004.4583333333339,-0.021563324035667186,2.078160482398566,99.55673758865248,-0.3,Neutral
163,2014-08-31,mallorquin,36.69583333333334,-1509.958333333333,-0.09681795223330558,-0.6346325433116178,83.95390070921985,-1.2,Neutral
164,2014-09-30,mallorquin,237.40416666666664,-173.08333333333303,0.051067573165562985,2.7184851935376386,93.23286052009456,-1.2,Nino
165,2014-10-31,mallorquin,106.70833333333334,1385.500000000001,0.06938578722014266,-5.342611209552654,90.95744680851064,-1.0,Nino
166,2014-11-30,mallorquin,-0.8458333333333243,2691.500000000001,0.1331668740472678,1.8924171551002473,99.88179669030734,-1.5,Nino
167,2014-12-31,mallorquin,-41.13749999999999,2935.875,0.10112613264683712,-1.475201272899394,99.6158392434988,-0.9,Nino
168,2015-01-31,mallorquin,-62.587499999999984,-911.375,0.04488454384508178,-2.657871822473375,99.34988179669033,-1.4,Nino
169,2015-02-28,mallorquin,-60.42083333333332,-1483.666666666666,-0.011749344515878613,-0.24843948986582376,99.58628841607565,0.4,Nino
170,2015-03-31,mallorquin,-42.525,-2025.875,-0.12714501438266357,1.2265905157153014,97.54728132387709,-1.2,Nino
171,2015-04-30,mallorquin,-34.29583333333332,-389.66666666666697,-0.09857884451167542,-1.3449579026646319,99.6158392434988,-0.1,Nino
172,2015-05-31,mallorquin,-32.68749999999999,47.58333333333303,-0.0754035319380797,2.2115795114873436,99.76359338061464,-1.2,Nino
173,2015-06-30,mallorquin,54.27499999999999,1127.541666666667,-0.010440086368213253,0.6377386860685093,99.70449172576832,-0.9,Nino
174,2015-07-31,mallorquin,-7.4624999999999915,-188.5577466957884,0.023451826229286876,-1.425517963411309,99.822695035461,-1.9,Nino
175,2015-08-31,mallorquin,-43.662499999999994,-260.72711336284283,0.03592577834615429,3.0197955218573753,99.76359338061464,-2.4,Nino
176,2015-09-30,mallorquin,130.32916666666665,99.32774432046426,0.030468111371197426,3.010141846933152,99.85224586288416,-2.7,Nino
177,2015-10-31,mallorquin,40.583333333333336,141.2201334333704,-0.04002418848846001,-0.7285565199239485,21.21749408983452,-2.8,Nino
178,2015-11-30,mallorquin,48.13541666666667,1652.1197428083742,0.0943601758192093,2.7677311596386573,99.76359338061464,-0.8,Nino
179,2015-12-31,mallorquin,-62.24583333333334,280.12937822504045,0.07259779557169366,-0.16591158410073348,99.79314420803782,-0.9,Nino
180,2016-01-31,mallorquin,-62.52083333333333,-1516.4847850813949,0.01712620492959449,-1.8179017348487747,99.70449172576832,-3.6,Nino
181,2016-02-29,mallorquin,-63.86249999999999,-1823.3772056142602,-0.06952898142468533,-1.6552044703389228,99.49763593380617,-3.2,Nino
182,2016-03-31,mallorquin,-67.72916666666666,-1752.6273675000302,-0.06929724860027264,-3.688710790715806,99.85224586288416,-0.1,Nino
183,2016-04-30,mallorquin,-32.795833333333334,-1253.7152702591811,-0.07559683933701633,-2.884994759571807,98.49290780141844,-2.0,Nino
184,2016-05-31,mallorquin,107.85000000000002,500.66268561002926,0.0021380749696136014,5.030180809502092,99.6158392434988,0.7,Nino
185,2016-06-30,mallorquin,33.741666666666674,671.6981683609665,0.010632853902385109,2.644991654512822,99.88179669030734,1.1,Neutral
186,2016-07-31,mallorquin,-83.44999999999999,-423.696353088435,-0.027755272392409602,-0.5939505186845864,98.40425531914892,0.7,Nina
187,2016-08-31,mallorquin,-39.649999999999984,-651.6714419465188,-0.035401868473985854,-5.376618726565166,85.13593380614657,1.2,Nina
188,2016-09-30,mallorquin,114.5291666666667,-170.23354861382177,0.07519776788353216,2.9674185690250283,98.49290780141844,2.0,Nina
189,2016-10-31,mallorquin,116.24583333333334,726.5795170223455,0.10228213226681038,3.7608427332261343,99.70449172576832,-0.4,Nina
190,2016-11-30,mallorquin,182.375,2305.6810097979023,0.03654800037459305,-1.7053581326558707,78.04373522458629,-0.2,Nina
191,2016-12-31,mallorquin,-94.41666666666666,3057.7921718723837,0.07550147979509803,-1.9645099071069438,99.88179669030734,0.5,Nina
192,2017-01-31,mallorquin,-112.35833333333332,1163.9565278312648,0.020534678814934204,-3.712010926053985,99.7340425531915,0.3,Nina
193,2017-02-28,mallorquin,-125.90833333333332,-2825.7294045217277,-0.022911504161989282,-3.5937454888819786,99.7340425531915,-0.1,Neutral
194,2017-03-31,mallorquin,-136.48749999999998,-3418.3369232031946,-0.08377566342389453,1.0096052560767603,99.49763593380617,1.5,Neutral
195,2017-04-30,mallorquin,-72.90833333333333,-1551.5304541357682,-0.0874939144218454,3.046556985745788,99.88179669030734,-0.3,Neutral
196,2017-05-31,mallorquin,115.45000000000002,-20.66114522006137,-0.01773241401228609,1.1881699252087614,99.97044917257683,0.4,Neutral
197,2017-06-30,mallorquin,68.01666666666668,2012.370173104342,-0.01707470935875821,3.0993174815846842,0.0,-0.7,Neutral
198,2017-07-31,mallorquin,36.900000000000006,2376.507032423453,-0.02115545669396901,4.999789520115158,90.4550827423168,1.3,Neutral
199,2017-08-31,mallorquin,114.60833333333335,794.0764517329444,-0.01668195874763645,2.189975182862973,0.0,0.9,Neutral
200,2017-09-30,mallorquin,175.12916666666666,475.3380602847392,0.026535254780316597,-0.3334226543115193,0.0,1.0,Nina
201,2017-10-31,mallorquin,-30.55833333333331,863.4442117806575,0.05296821712408262,-3.7620221898897306,95.8628841607565,1.5,Nina
202,2017-11-30,mallorquin,55.65416666666668,1055.2683330843865,0.11479461066360286,-0.07364984689775156,80.40780141843972,1.5,Nina
203,2017-12-31,mallorquin,-106.54166666666664,1561.4435716597573,0.10365620062281189,1.0742782602509102,99.79314420803782,-0.2,Nina
204,2018-01-31,mallorquin,-82.41666666666664,238.79304074577885,0.040711901095633274,-4.411586530190817,47.10401891252955,1.8,Nina
205,2018-02-28,mallorquin,-80.83749999999999,-3185.9156416765154,-0.024245897298963315,-0.3861246378674714,99.34988179669033,-0.8,Nina
206,2018-03-31,mallorquin,-62.408333333333324,-3951.746072344185,-0.12392526523983316,-2.3552700672782514,97.9609929078014,2.4,Nina
207,2018-04-30,mallorquin,-36.58333333333333,-1362.5597654073117,-0.10700669323442424,-0.8974317816020836,98.64066193853428,0.8,Nina
208,2018-05-31,mallorquin,146.63750000000002,369.6240870792353,-0.051282111508053285,-9.21168639428797,46.48345153664303,0.6,Nina
209,2018-06-30,mallorquin,-32.15833333333333,2211.583167155849,0.024992262072233262,12.127385400787993,99.49763593380617,-0.2,Neutral
210,2018-07-31,mallorquin,-18.449999999999996,1116.5108028696086,-0.013902030245084518,-3.8244101349841237,97.66548463356976,0.4,Neutral
211,2018-08-31,mallorquin,0.34166666666666856,-552.4543807792488,0.03357538645381397,8.473520195385479,99.76359338061464,-0.5,Nino
212,2018-09-30,mallorquin,-0.4583333333333286,-677.1234079860287,0.025101652001290775,3.7983743007564854,0.0,-1.5,Nino
213,2018-10-31,mallorquin,144.65416666666667,1213.4953007891245,-0.0011323896658285149,-2.4026557360712424,2.33451536643026,0.6,Nino
214,2018-11-30,mallorquin,-41.2125,2854.362340159717,-0.01428738288509579,-8.208760513414575,53.043735224586285,-0.1,Nino
215,2018-12-31,mallorquin,-43.64583333333333,2726.566547579817,0.12351650481621723,-0.4503538500471471,99.70449172576832,1.7,Nino
216,2019-01-31,mallorquin,-44.19166666666667,-762.2056644491786,0.055286680964000245,1.0068059752889091,99.55673758865248,-0.1,Nino
217,2019-02-28,mallorquin,-42.29166666666667,-3789.6596069782404,0.011546531859573883,-1.1332302041412667,99.58628841607565,-2.3,Nino
218,2019-03-31,mallorquin,-50.31666666666667,-3029.876631147855,-0.07079909777622873,1.799566669082747,99.70449172576832,-0.5,Nino
219,2019-04-30,mallorquin,-57.900000000000006,-1036.6520570551193,-0.07988386961649463,7.844868603745905,99.4385342789598,0.2,Nino
220,2019-05-31,mallorquin,125.375,132.07298382751014,-0.1420824314867004,-3.829437331078033,65.0709219858156,-0.7,Nino
221,2019-06-30,mallorquin,-3.983333333333327,2316.0002903997884,0.02339894509984486,5.82185492449673,97.31087470449172,-0.7,Nino
222,2019-07-31,mallorquin,-57.08333333333333,1247.314899770755,-0.07319574899433567,-12.527541756353507,34.04255319148936,-0.6,Nino
223,2019-08-31,mallorquin,-31.18333333333333,-594.5142408354477,0.023154588695303957,7.581888100303765,99.58628841607565,-0.2,Neutral
224,2019-09-30,mallorquin,198.61666666666667,-1295.3888621637689,0.04355551109787892,-0.4610530292524011,0.0,-1.9,Neutral
225,2019-10-31,mallorquin,101.71666666666668,1075.515218257321,0.04479285621649609,-9.48272666705805,99.23167848699764,-0.6,Neutral
226,2019-11-30,mallorquin,-47.23333333333332,3080.6650958895816,0.1693468904589619,1.4913086382601932,44.2080378250591,-1.4,Neutral
227,2019-12-31,mallorquin,-60.52916666666666,2602.4853859882633,0.10080506477034135,-1.5867285695086295,56.14657210401891,-0.9,Neutral
228,2020-01-31,mallorquin,-63.90416666666666,-498.2175314713759,0.05688805523361773,-0.0636546607625803,99.14302600472811,0.3,Neutral
229,2020-02-29,mallorquin,-74.5375,-2543.3662309640076,-0.06376376135596595,0.07424433634268723,99.02482269503548,-0.1,Neutral
230,2020-03-31,mallorquin,-82.475,-2669.121254263446,-0.07986113534502737,1.5994746541870022,98.4338061465721,-0.2,Neutral
231,2020-04-30,mallorquin,-87.78750000000001,-2550.9000812684167,-0.11402427520885106,2.5631756248129633,97.84278959810877,0.3,Neutral
232,2020-05-31,mallorquin,127.76249999999999,-2149.0301187908126,-0.07280525319893782,6.279827574978253,87.44089834515366,0.7,Neutral
233,2020-06-30,mallorquin,-102.2875,-783.9562416627077,-0.09379376540949547,-1.4111367316193437,93.14420803782508,-0.6,Neutral
234,2020-07-31,mallorquin,-11.166666666666657,396.8556799194539,0.048087951777093796,4.08170278176614,98.40425531914892,0.7,Nina
235,2020-08-31,mallorquin,42.93333333333334,516.2401976402034,-0.056759943802888846,-2.4797746829762843,98.61111111111111,1.8,Nina
236,2020-09-30,mallorquin,179.7,1774.8695217693712,0.08854200217826702,8.144443287675848,98.37470449172578,1.5,Nina
237,2020-10-31,mallorquin,112.27083333333334,2216.3524051139293,0.05507815682683859,-4.005717611647054,0.0,0.8,Nina
238,2020-11-30,mallorquin,262.1166666666667,2368.512088693651,0.02797465363697338,-15.750938321553903,87.70685579196218,1.1,Nina
239,2020-12-31,mallorquin,-67.02499999999998,2588.247022049415,0.07485311038170872,-1.1224398826877753,97.4290780141844,3.0,Nina
240,2021-01-31,mallorquin,-110.29999999999998,47.2906213999795,0.0831600459734324,-3.6544874616512466,59.30851063829788,3.2,Nina
241,2021-02-28,mallorquin,-111.1,-3824.470373703867,-0.04036334012033893,-0.6684223559486959,96.74940898345152,2.5,Nina
242,2021-03-31,mallorquin,-103.78333333333332,-3038.837912426494,-0.08108431399268745,2.9183628523524163,0.0,0.6,Nina
243,2021-04-30,mallorquin,-93.65,-1767.033079317056,-0.08415071124746876,5.361970745222592,0.0295508274231678,0.6,Nina
244,2021-05-31,mallorquin,-73.29166666666666,-824.9720090886494,-0.037578246103318946,7.601690073762505,94.56264775413712,0.8,Nina
245,2021-06-30,mallorquin,-4.674999999999983,509.55259608610686,-0.013762417395339455,1.9673331721557048,96.30614657210404,0.7,Nina
246,2021-07-31,mallorquin,-11.265977078477178,741.532812391557,-0.019065849380221045,4.104758086949644,97.25177304964538,2.3,Nina
247,2021-08-31,mallorquin,132.6439296814295,232.80489928528732,-0.0021073596085984247,-4.846770130358461,93.9420803782506,1.0,Nina
248,2021-09-30,mallorquin,67.75383644133632,1282.1108168241499,0.02963520114514362,1.012900924876682,96.57210401891253,1.3,Nina
249,2021-10-31,mallorquin,157.76374320124302,1597.2321375890006,0.038891369987969826,0.33808730458355285,71.92671394799054,1.2,Nina
250,2021-11-30,mallorquin,-8.82635003885028,1559.4013212569425,0.05021660447066678,-3.396707680156748,96.30614657210404,1.6,Nina
251,2021-12-31,mallorquin,-76.11644327894358,775.2678436346941,0.04013472277662444,-2.29978891794385,95.41962174940898,2.5,Nina
252,2001-01-31,totumo,-61.998965617715626,,0.0641669140240736,2.0137913504185185,100.0,1.6,Nina
253,2001-02-28,totumo,-62.50648310023311,,-0.0014266583691705526,1.9690897694326566,0.0,2.8,Nina
254,2001-03-31,totumo,-61.51400058275059,,-0.058004006266936914,1.6275757872246004,99.86902423051735,1.5,Nina
255,2001-04-30,totumo,-59.07151806526807,,-0.11943293670435162,-3.034487147579906,44.20432220039292,0.3,Neutral
256,2001-05-31,totumo,-33.57903554778555,,-0.09139518622828668,4.656989122851545,0.0,-0.8,Neutral
257,2001-06-30,totumo,7.363446969696966,,-0.05414911676965495,10.113284334116734,37.59004584151932,0.5,Neutral
258,2001-07-31,totumo,-10.1875,,0.01280551718031997,8.23118574332646,97.64243614931236,-0.3,Neutral
259,2001-08-31,totumo,18.675000000000004,,-0.10416169479430215,-6.034856162827801,45.71054354944336,-0.7,Neutral
260,2001-09-30,totumo,84.17499999999998,,0.09556370911522227,4.724009426090667,92.40340537000657,0.3,Neutral
261,2001-10-31,totumo,127.03541666666666,,0.0763942100142263,-0.03368991496301277,0.0,-0.1,Neutral
262,2001-11-30,totumo,-6.7479166666666615,,0.06609084729935155,-3.3160777225792692,80.09168303863785,1.1,Neutral
263,2001-12-31,totumo,16.47708333333334,,0.05130866938523082,-15.485507883240377,100.0,-1.4,Neutral
264,2002-01-31,totumo,-54.34999999999999,,0.08666548349558334,-0.7492260959684884,96.46365422396856,0.7,Neutral
265,2002-02-28,totumo,-53.78541666666666,,0.0012638052340111505,0.08062586681164419,0.0,1.8,Neutral
266,2002-03-31,totumo,-54.37291666666667,,-0.07283597693731025,0.4700318746883596,99.93451211525868,-0.4,Neutral
267,2002-04-30,totumo,-49.44791666666666,,-0.0775372971768361,0.7013394096894956,0.0,-0.1,Neutral
268,2002-05-31,totumo,13.270833333333336,,-0.04337679515740189,2.797436569275,0.0,-1.4,Nino
269,2002-06-30,totumo,7.883333333333333,,-0.002346433011863769,2.3296768264607337,97.05304518664047,-0.4,Nino
270,2002-07-31,totumo,-17.15,,-0.019097071836177815,4.075284409831369,72.4950884086444,-0.8,Nino
271,2002-08-31,totumo,43.71250000000001,,-0.01805468398205956,3.4474722617823588,0.0,-1.6,Nino
272,2002-09-30,totumo,104.42499999999998,,0.05030785195563514,3.9487503202035725,0.0,-1.0,Nino
273,2002-10-31,totumo,15.858333333333334,,0.08347056600152825,2.7328993218707183,41.97773411918795,-0.6,Nino
274,2002-11-30,totumo,-12.337499999999999,,0.15261734425766027,-5.2884333690147685,99.93451211525868,-0.7,Nino
275,2002-12-31,totumo,-36.50208333333333,,0.17680527933676993,-4.941097038598237,0.0,-1.8,Nino
276,2003-01-31,totumo,-60.83124999999999,,0.14838316805748963,-4.671177009779939,100.0,-0.3,Nino
277,2003-02-28,totumo,-61.95625,,-0.12381731904217097,-0.21334195751644813,87.03339882121807,-1.1,Nino
278,2003-03-31,totumo,-71.175,,-0.14635196908225606,-0.1605990134534494,100.0,-0.5,Nino
279,2003-04-30,totumo,9.854166666666671,,-0.28726474037754407,-1.5378032445123893,95.80877537655532,-0.2,Neutral
280,2003-05-31,totumo,-14.318750000000009,,-0.17923302288030196,7.5617359525213885,29.66601178781925,-0.5,Neutral
281,2003-06-30,totumo,69.61041666666665,,-0.09589749387145763,5.346894032360204,0.0,-1.0,Neutral
282,2003-07-31,totumo,12.729166666666671,,-0.03132393367266384,3.419216620570623,0.0,0.5,Neutral
283,2003-08-31,totumo,26.866666666666674,,-0.014048868958991045,1.336876980933802,0.0,0.2,Neutral
284,2003-09-30,totumo,113.30416666666667,,0.058095938462031316,0.5892890971770157,0.0,-0.2,Neutral
285,2003-10-31,totumo,59.62083333333334,,0.0804914893438321,-2.4334054861419148,0.0,0.0,Neutral
286,2003-11-30,totumo,36.30833333333332,,0.10813659878235937,-3.9307526479547548,28.552717747216764,-0.5,Neutral
287,2003-12-31,totumo,24.66666666666667,,0.1215825822397677,-3.977410982153465,0.0,1.8,Neutral
288,2004-01-31,totumo,-95.13333333333333,,0.08935304739999972,-4.679042812125807,75.90045841519319,-2.2,Neutral
289,2004-02-29,totumo,-95.80833333333332,,-0.05033170051425673,-0.3943170605747639,63.9161755075311,2.0,Neutral
290,2004-03-31,totumo,-93.87499999999999,,-0.09504998274788101,-2.9496266240137174,96.5946299934512,0.7,Neutral
291,2004-04-30,totumo,-68.36666666666667,,0.011191460215964733,7.535743575021478,60.772757039947614,-1.5,Neutral
292,2004-05-31,totumo,81.32291666666666,,-0.018349427115170514,2.2415348464860827,75.44204322200393,1.7,Neutral
293,2004-06-30,totumo,-36.047916666666666,,0.04260592567054722,2.936535559927215,0.0,-1.4,Nino
294,2004-07-31,totumo,51.679166666666674,,0.0920918667884616,3.808777976995799,54.28945645055665,-0.8,Nino
295,2004-08-31,totumo,29.629166666666663,,-0.32698479508962724,-8.773462741335763,31.696136214800266,-0.5,Nino
296,2004-09-30,totumo,89.2625,,0.10884601963030627,-1.310795481447144,46.037982973149965,-0.6,Nino
297,2004-10-31,totumo,156.29166666666669,,0.10843021660758423,0.9843160389887373,96.85658153241651,-0.1,Nino
298,2004-11-30,totumo,19.60000000000001,,0.10939223054828873,1.5896849091419085,2.030124426981008,-1.1,Nino
299,2004-12-31,totumo,-87.67083333333332,,0.10278292070804096,2.0756616788557523,100.0,-1.3,Nino
300,2005-01-31,totumo,-90.69791666666666,,0.050134991027509956,0.07912530596902201,79.76424361493125,0.6,Nino
301,2005-02-28,totumo,-85.45208333333332,,-0.0328569818413571,1.2769843629633186,89.3909626719057,-5.2,Nino
302,2005-03-31,totumo,-86.0333333333333,,-0.14825492421780606,0.3313450535624298,66.40471512770138,0.5,Nino
303,2005-04-30,totumo,-64.69375,,-0.25798145548408696,-11.291528154830651,26.719056974459725,-1.0,Neutral
304,2005-05-31,totumo,19.474999999999994,,-0.13176921463678648,-4.286202235916569,22.134905042567123,-1.3,Neutral
305,2005-06-30,totumo,103.72916666666667,,-0.001078631126183227,0.014829120683472752,0.0,0.7,Neutral
306,2005-07-31,totumo,-49.8875,,0.11421149839240052,4.37965074642468,78.84741322855272,0.3,Neutral
307,2005-08-31,totumo,-29.63541666666667,,0.10636952620216023,6.752004794108835,66.27373935821873,-0.6,Neutral
308,2005-09-30,totumo,136.99583333333334,,0.09737061068384478,3.5662290814642077,44.85920104780616,0.6,Neutral
309,2005-10-31,totumo,186.24791666666664,,0.058169922442239286,-2.4836865703230657,89.45645055664701,2.0,Nina
310,2005-11-30,totumo,124.425,,0.0634917674075387,-1.011387556797466,3.536345776031434,-0.3,Nina
311,2005-12-31,totumo,-103.66041666666665,,0.07892354790846934,1.4425478966449603,74.98362802881466,0.0,Nina
312,2006-01-31,totumo,-102.96041666666667,,-0.00016450361576170192,-0.8398511614378634,66.66666666666666,2.7,Nina
313,2006-02-28,totumo,-104.08125,,-0.032491879442384186,-1.3389164417994692,71.70923379174853,0.2,Nina
314,2006-03-31,totumo,-99.77499999999999,,-0.08506041928970998,-0.5096563968989685,0.0,2.9,Nina
315,2006-04-30,totumo,-28.27291666666666,,-0.0939338598251167,-0.9224792070099426,0.0,1.8,Nina
316,2006-05-31,totumo,77.27708333333335,,-0.06015452500165819,0.3357201214421792,0.0,-0.8,Neutral
317,2006-06-30,totumo,12.943749999999994,,-0.02178443164019428,-0.4880994591619938,0.0,-0.4,Neutral
318,2006-07-31,totumo,56.92083333333335,,-4.695497791773473e-05,-1.0575742050141272,57.43287491814014,-1.0,Neutral
319,2006-08-31,totumo,-6.447916666666671,,0.08351053430600275,5.3791930143965345,100.0,-1.7,Nino
320,2006-09-30,totumo,21.783333333333346,,0.09150956279498224,0.7547110744277745,73.01899148657498,-1.0,Nino
321,2006-10-31,totumo,96.29166666666669,,-0.07938205444115598,-1.833113450634432,59.85592665356909,-2.1,Nino
322,2006-11-30,totumo,23.79166666666667,,0.0655810798587354,0.18000871524381523,33.529796987557305,0.1,Nino
323,2006-12-31,totumo,-69.18541666666667,,0.07178801142940205,-0.5771454170978032,0.0654878847413228,-0.5,Nino
324,2007-01-31,totumo,-81.60625,,0.030423947462181355,-1.7160558241432327,81.00851342501637,-1.3,Nino
325,2007-02-28,totumo,-79.60416666666666,,-0.02440353644923121,-0.540808866638379,0.0,-0.1,Nino
326,2007-03-31,totumo,-95.07083333333333,,-0.06841277064201057,0.2497264005020341,0.0,0.3,Neutral
327,2007-04-30,totumo,-9.204166666666666,,-0.08347511574389477,-0.2413024693385566,0.0,-0.2,Neutral
328,2007-05-31,totumo,50.045833333333334,,-0.05803129072558333,1.5732325032714343,0.0,-0.2,Nina
329,2007-06-30,totumo,38.710416666666674,,-0.018473014644348806,1.0995717485536858,0.0,0.9,Nina
330,2007-07-31,totumo,0.6499999999999915,,0.00453453217887112,0.28103366540866404,22.920759659463,-0.5,Nina
331,2007-08-31,totumo,171.26666666666665,,-0.004756257649611739,1.6465072386645616,0.0,0.7,Nina
332,2007-09-30,totumo,-43.187500000000014,,0.046223941148831105,4.260247474193882,10.412573673870334,0.3,Nina
333,2007-10-31,totumo,245.42916666666665,,0.04018086600343118,-3.0703920434771526,0.0,1.2,Nina
334,2007-11-30,totumo,-44.916666666666686,,0.04746825909367147,-8.43257293980992,98.03536345776033,1.4,Nina
335,2007-12-31,totumo,-61.54166666666667,,0.07511440449147266,0.7673442985373704,97.1185330713818,2.7,Nina
336,2008-01-31,totumo,-97.14166666666667,,0.03919270390277696,3.3819522072393156,73.28094302554028,2.9,Nina
337,2008-02-29,totumo,-97.97291666666666,,0.012774458140542344,0.8724479133054253,73.3464309102816,4.4,Nina
338,2008-03-31,totumo,-102.63333333333331,,-0.061473829548572834,4.260984886351547,72.16764898493778,2.4,Nina
339,2008-04-30,totumo,-62.604166666666664,,-0.06991390566089684,5.907867688835445,68.762278978389,1.1,Nina
340,2008-05-31,totumo,-20.437500000000014,,-0.10521813477071518,-8.051741453663237,69.3516699410609,-0.1,Nina
341,2008-06-30,totumo,-9.154166666666654,,-0.05384888057626669,-6.424778599837623,0.0,1.0,Nina
342,2008-07-31,totumo,43.72500000000002,,-0.016817966927401673,-3.8313482731152853,0.0,0.5,Nina
343,2008-08-31,totumo,130.17083333333335,,-0.016955189759809364,-1.1812101245937967,0.0,1.7,Neutral
344,2008-09-30,totumo,95.29791666666668,,0.04174902040583117,2.349977630698671,0.0,2.0,Neutral
345,2008-10-31,totumo,148.96458333333334,,0.06334550122647054,4.150779925239117,0.0,2.1,Nina
346,2008-11-30,totumo,152.04583333333335,,0.09236035755407634,6.831467424640884,58.02226588081205,2.2,Nina
347,2008-12-31,totumo,-101.00416666666666,,0.08252090186976802,1.7002318687871067,0.0,2.4,Nina
348,2009-01-31,totumo,-110.50625000000001,,0.026304829303688715,-3.668576722467229,0.0,1.8,Nina
349,2009-02-28,totumo,-103.1270833333333,,-0.05621066912660866,-7.750401331602951,57.82580222658809,3.1,Nina
350,2009-03-31,totumo,-86.38749999999999,,-0.044931635840186335,3.0567932731134952,98.10085134250164,0.7,Nina
351,2009-04-30,totumo,-76.525,,-0.19536251273849814,-6.507513805240766,57.82580222658809,1.3,Nina
352,2009-05-31,totumo,-7.1583333333333385,,0.0035800929160128003,6.694977954378075,84.15193189259988,-0.2,Neutral
353,2009-06-30,totumo,121.54166666666667,,0.04374825870276522,1.0585519040775218,80.28814669286182,0.2,Nino
354,2009-07-31,totumo,-51.508333333333326,,0.06903642699284618,8.043795469429355,84.08644400785855,0.4,Nino
355,2009-08-31,totumo,95.14583333333334,,-0.013046225131806422,0.3962540967525392,60.44531761624099,-0.3,Nino
356,2009-09-30,totumo,-4.135416666666671,,0.03550285756545124,-2.058361993463329,0.0,0.5,Nino
357,2009-10-31,totumo,32.96875,,0.04189332617152475,-6.32130658531533,52.58677144728225,-2.0,Nino
358,2009-11-30,totumo,86.97291666666669,,-0.10474305944390316,-14.121148151840114,47.34774066797642,-1.0,Nino
359,2009-12-31,totumo,-57.289583333333326,,0.15622068599749406,0.9182768243990722,57.69482645710543,-1.2,Nino
360,2010-01-31,totumo,-93.99999999999999,,0.08999065936871442,0.8541179903648484,98.88670595939752,-1.8,Nino
361,2010-02-28,totumo,-111.44374999999998,,0.00239177605118146,5.211821825641412,0.0,-2.4,Nino
362,2010-03-31,totumo,-61.99791666666667,,-0.07964602633787798,8.843273489680719,65.68434839554682,-1.1,Nino
363,2010-04-30,totumo,-108.19583333333333,,-0.059102120194332364,2.875973518803164,76.16240995415848,2.0,Nino
364,2010-05-31,totumo,-40.99583333333331,,-0.10298666014031421,-1.6833239703230163,22.85527177472168,1.5,Nina
365,2010-06-30,totumo,67.39583333333331,,-0.05450301243184541,-1.851920318800623,0.0,0.6,Nina
366,2010-07-31,totumo,233.81875000000002,,-0.012945952886070033,-1.0625363945082853,0.0,3.0,Nina
367,2010-08-31,totumo,22.35833333333335,,-0.015983772207573077,-0.5466259616915607,1.7026850032743943,3.0,Nina
368,2010-09-30,totumo,11.647916666666674,,0.04029074390684684,1.4021823632941164,0.0,3.7,Nina
369,2010-10-31,totumo,182.5645833333334,,0.057202320294961084,1.3911029852061176,0.0,2.9,Nina
370,2010-11-30,totumo,176.13958333333332,,0.0798747670618053,2.3951879463492887,50.03274394237066,2.1,Nina
371,2010-12-31,totumo,-24.539583333333326,,0.04466277040980737,-4.9447397623256535,75.83497053045186,4.8,Nina
372,2011-01-31,totumo,-143.71666666666667,,0.02708246710697748,-2.218519434533203,75.31106745252129,3.8,Nina
373,2011-02-28,totumo,-131.04791666666668,,-0.02415941129133503,-0.4182516448299225,79.69875573018992,4.5,Nina
374,2011-03-31,totumo,-119.21458333333332,,-0.1424228405382002,-0.2638499327482009,12.770137524557956,4.2,Nina
375,2011-04-30,totumo,-110.78749999999998,,-0.1023171587561853,-0.15910097551181224,74.65618860510806,3.1,Nina
376,2011-05-31,totumo,-11.427083333333314,,-0.03826656953438423,1.9500964002364114,0.0,0.6,Nina
377,2011-06-30,totumo,-10.818750000000009,,0.03444044537422075,1.5947882252439598,0.0,0.4,Nina
378,2011-07-31,totumo,27.302083333333343,,0.08865195786406277,1.1171670825518873,54.158480681074,1.6,Nina
379,2011-08-31,totumo,-28.487499999999983,,0.08224174730256051,3.181520377763107,54.09299279633268,0.7,Nina
380,2011-09-30,totumo,73.33541666666667,,0.1148232761110708,2.346315803607382,80.2226588081205,1.7,Nina
381,2011-10-31,totumo,286.8458333333333,,0.04718285429610236,-0.834676779104381,21.872953503601835,1.2,Nina
382,2011-11-30,totumo,213.30833333333337,,-0.053715683390325064,-4.659311573263153,11.26391617550753,1.8,Nina
383,2011-12-31,totumo,-95.20624999999998,,0.07311366483409587,-1.206323926000735,67.97642436149313,4.1,Nina
384,2012-01-31,totumo,-127.67708333333331,,0.0008829472528611992,-1.686694186109193,66.4702030124427,1.8,Nina
385,2012-02-29,totumo,-126.64999999999999,,-0.08974062697439611,-2.4319455829315615,58.02226588081205,0.8,Nina
386,2012-03-31,totumo,-131.27291666666665,,-0.09828520881430303,4.470829574339884,72.03667321545514,1.2,Nina
387,2012-04-30,totumo,-37.41874999999999,,-0.05595392832956447,-0.9271460225690973,72.4950884086444,-0.4,Nina
388,2012-05-31,totumo,9.46041666666666,,-0.08357786527683786,3.1289315475440986,80.55009823182712,0.1,Nina
389,2012-06-30,totumo,53.70208333333332,,0.03464260952496434,6.370708818756746,80.74656188605108,-0.7,Neutral
390,2012-07-31,totumo,-35.64999999999999,,-0.0424060158759062,-9.144316491443778,72.82252783235101,-0.1,Neutral
391,2012-08-31,totumo,83.32500000000002,,0.016632910798436096,2.9303544106370687,53.307138179436805,-0.3,Neutral
392,2012-09-30,totumo,144.3,,0.02027256894504259,-3.8142816382774782,65.88081204977078,0.4,Neutral
393,2012-10-31,totumo,22.020833333333343,,0.08883076885330354,-10.31060013863485,39.554682383759,0.5,Neutral
394,2012-11-30,totumo,52.74791666666668,,0.13900384673771915,3.5340155433727674,77.47216764898494,0.4,Neutral
395,2012-12-31,totumo,-70.10416666666666,,0.08129719576758121,1.2720595897337574,72.82252783235101,-1.0,Neutral
396,2013-01-31,totumo,-92.79374999999999,,0.014319617534968465,0.43986559844054085,98.36280288146692,-0.1,Neutral
397,2013-02-28,totumo,-80.00624999999998,,-0.0423213889573677,2.9824103792863568,71.18533071381793,-0.4,Neutral
398,2013-03-31,totumo,-94.82291666666666,,-0.09509906739991814,3.015221818464859,0.0,2.5,Neutral
399,2013-04-30,totumo,-35.53541666666668,,-0.11219194128099119,1.3813127414694932,0.0,0.4,Neutral
400,2013-05-31,totumo,43.71875,,-0.08286957880313539,2.0740303297151783,0.0,1.3,Neutral
401,2013-06-30,totumo,54.82916666666665,,-0.04321637564573899,0.9974311226947492,0.0,2.0,Neutral
402,2013-07-31,totumo,-45.141666666666666,,-0.024003317057441298,-0.2377096182204994,73.80484610347085,1.3,Neutral
403,2013-08-31,totumo,133.88333333333333,,-0.007929106168054312,-0.8546207050009826,0.0,0.3,Neutral
404,2013-09-30,totumo,79.80833333333334,,0.06798330020636922,-0.2516200840828233,0.0,0.5,Neutral
405,2013-10-31,totumo,169.13333333333335,,0.10546366258426365,-1.6301100779127857,83.69351669941061,-0.1,Neutral
406,2013-11-30,totumo,-39.43541666666667,,0.0625575167814888,-5.2826837827662025,97.31499672560577,1.2,Neutral
407,2013-12-31,totumo,-58.150000000000006,,0.06045304330354273,-1.1235924927443222,100.0,0.1,Neutral
408,2014-01-31,totumo,-68.68749999999999,,0.04787943311825793,-0.7260584960206842,100.0,2.4,Neutral
409,2014-02-28,totumo,-65.82083333333333,,0.0072114008545265396,-0.12478881237626638,99.86902423051735,0.1,Neutral
410,2014-03-31,totumo,-61.75833333333333,,-0.030615917999236242,0.4006682971483997,99.80353634577604,-1.5,Neutral
411,2014-04-30,totumo,-55.8625,,-0.05655003388762958,0.44585371248174255,0.0,1.3,Neutral
412,2014-05-31,totumo,1.2208333333333385,,-0.04836293523861468,2.277860476357503,0.0654878847413228,0.9,Neutral
413,2014-06-30,totumo,-60.570833333333326,,-0.03746076936753984,1.7435595015859207,0.0,0.3,Neutral
414,2014-07-31,totumo,-43.62916666666666,,-0.041935733788550644,1.7344639458300435,100.0,-0.3,Neutral
415,2014-08-31,totumo,132.37083333333334,,-0.05919863109358481,4.4750208016530095,100.0,-1.2,Neutral
416,2014-09-30,totumo,51.37083333333334,,-0.07414098875867725,4.927116833444366,44.07334643091029,-1.2,Nino
417,2014-10-31,totumo,119.74583333333334,,-0.0020674722213434027,-6.815707826740304,88.99803536345776,-1.0,Nino
418,2014-11-30,totumo,84.36666666666667,,0.11029952238016216,0.44935156724687886,99.93451211525868,-1.5,Nino
419,2014-12-31,totumo,-33.69375,,0.11175355477541882,-2.037141442516699,99.93451211525868,-0.9,Nino
420,2015-01-31,totumo,-66.54166666666666,,0.08668143775787918,-2.7711412415153873,100.0,-1.4,Nino
421,2015-02-28,totumo,-66.45833333333333,,0.029305200203513238,-1.154510507221552,100.0,0.4,Nino
422,2015-03-31,totumo,-60.37499999999999,,-0.035381221622649006,0.7556472323775552,92.92730844793712,-1.2,Nino
423,2015-04-30,totumo,-38.166666666666664,,-0.02368288635484228,-1.1434823746125105,98.10085134250164,-0.1,Nino
424,2015-05-31,totumo,-20.499999999999993,,-0.08221480966017691,-7.3789596732047045,100.0,-1.2,Nino
425,2015-06-30,totumo,-17.874999999999993,,0.040990971396441256,-0.10747938100551835,100.0,-0.9,Nino
426,2015-07-31,totumo,51.833333333333336,,0.04188088889993957,0.5520972925280816,100.0,-1.9,Nino
427,2015-08-31,totumo,55.833333333333336,,0.024681887975855688,3.931758715305371,96.85658153241651,-2.4,Nino
428,2015-09-30,totumo,2.8333333333333357,,0.01447936128972227,6.620313772086568,92.8618205631958,-2.7,Nino
429,2015-10-31,totumo,11.625,,-0.07242086196754993,-4.210933510968076,41.32285527177472,-2.8,Nino
430,2015-11-30,totumo,77.58333333333334,,0.10708759437499016,1.2278569409701348,100.0,-0.8,Nino
431,2015-12-31,totumo,-28.874999999999986,,0.0825356695395848,0.7094457074873546,100.0,-0.9,Nino
432,2016-01-31,totumo,-93.74999999999999,,-0.010841208633873944,-0.3716436205478928,100.0,-3.6,Nino
433,2016-02-29,totumo,-92.58333333333331,,-0.0922232854298406,1.8325189238929056,99.41060903732809,-3.2,Nino
434,2016-03-31,totumo,-94.08333333333333,,-0.14888972993018057,-0.795091977402187,95.28487229862476,-0.1,Nino
435,2016-04-30,totumo,39.4567541399573,,-0.20677242302277654,0.97303071364815,100.0,-2.0,Nino
436,2016-05-31,totumo,127.62184161324788,,-0.03813759816232298,5.782755649905042,100.0,0.7,Nino
437,2016-06-30,totumo,123.78850827991454,,0.04503591301423304,2.3533490725367017,100.0,1.1,Neutral
438,2016-07-31,totumo,-75.75315838675212,,0.043356766954421366,5.690524214403915,100.0,0.7,Nina
439,2016-08-31,totumo,32.24684161324788,,-0.08656306100990951,-5.653465680834646,11.722331368696793,1.2,Nina
440,2016-09-30,totumo,-61.79482505341879,,0.06642457108678923,0.14590498642110816,78.5199738048461,2.0,Nina
441,2016-10-31,totumo,116.0347422542735,,0.11581763483344587,-4.577821490873909,28.945645055664706,-0.4,Nina
442,2016-11-30,totumo,176.12184161324788,,0.0586612453805464,-4.984429657060701,96.46365422396856,-0.2,Nina
443,2016-12-31,totumo,-91.04482505341879,,0.03589618279912421,-1.490206844216594,100.0,0.5,Nina
444,2017-01-31,totumo,-87.12815838675213,,0.014246166517929648,-2.9292034472722754,100.0,0.3,Nina
445,2017-02-28,totumo,-92.79482505341879,,-0.00433769731078304,-1.6761011019694507,100.0,-0.1,Neutral
446,2017-03-31,totumo,-80.0031583867521,,-0.04558858117833964,1.2250496454481876,99.73804846103472,1.5,Neutral
447,2017-04-30,totumo,-112.66824586004273,,-0.044439326899149534,1.6739207808663963,99.93451211525868,-0.3,Neutral
448,2017-05-31,totumo,26.500000000000014,,0.0055335073074352925,1.8287838733800754,100.0,0.4,Neutral
449,2017-06-30,totumo,45.66666666666667,,0.01936718062601539,3.837069772575255,0.0,-0.7,Neutral
450,2017-07-31,totumo,-83.5,,0.01828303681390142,5.780312972852926,99.60707269155206,1.3,Neutral
451,2017-08-31,totumo,176.83333333333334,,-0.013183572724590364,1.5945403165004066,0.0,0.9,Neutral
452,2017-09-30,totumo,87.87500000000003,,0.0196633734285504,-0.9698805885964177,0.0,1.0,Nina
453,2017-10-31,totumo,147.41666666666669,,0.014957871356417018,-5.541596271786727,63.261296660117885,1.5,Nina
454,2017-11-30,totumo,73.45833333333336,,0.05848731179240174,-5.715428933007658,44.335297969875576,1.5,Nina
455,2017-12-31,totumo,-68.79166666666664,,0.049326431518645464,-1.096815121971673,99.86902423051735,-0.2,Nina
456,2018-01-31,totumo,-59.29166666666666,,0.027876834576273213,1.8259214814597016,94.36804191224624,1.8,Nina
457,2018-02-28,totumo,-95.99999999999999,,-0.016004737553682813,-0.30243289673656193,99.27963326784544,-0.8,Nina
458,2018-03-31,totumo,-89.49999999999999,,-0.09570061093486837,-4.280523269701536,97.38048461034708,2.4,Nina
459,2018-04-30,totumo,-26.5,,-0.08664968488257418,5.034686956659662,99.21414538310412,0.8,Nina
460,2018-05-31,totumo,-6.625,,-0.032352425973502075,4.230762830793019,0.0,0.6,Nina
461,2018-06-30,totumo,-72.74999999999999,,0.0312874416268305,1.3765512025794777,55.075311067452525,-0.2,Neutral
462,2018-07-31,totumo,-29.58333333333333,,-0.04387431988816115,-7.476745771319393,20.23575638506876,0.4,Neutral
463,2018-08-31,totumo,121.08333333333334,,0.02163160736545422,5.614809122092339,93.1237721021611,-0.5,Nino
464,2018-09-30,totumo,67.08333333333334,,0.05117898517102326,3.138914645760032,0.0,-1.5,Nino
465,2018-10-31,totumo,175.45833333333334,,0.04171401893083149,-1.2810530648034089,0.3274394237066143,0.6,Nino
466,2018-11-30,totumo,32.29166666666667,,0.046577260956125355,-4.150773124120612,100.0,-0.1,Nino
467,2018-12-31,totumo,-74.83333333333334,,0.0766452438600096,-1.4865860293323863,99.60707269155206,1.7,Nino
468,2019-01-31,totumo,-76.79166666666666,,0.022100315121181935,-3.0346262536920463,99.21414538310412,-0.1,Nino
469,2019-02-28,totumo,-73.58333333333333,,-0.0011519497287316716,-3.2199246213857577,99.01768172888016,-2.3,Nino
470,2019-03-31,totumo,-69.37499999999999,,-0.05859674868705944,-0.8506476190664642,99.34512115258676,-0.5,Nino
471,2019-04-30,totumo,13.291666666666664,,-0.06469934755584494,5.317644997331392,99.47609692206942,0.2,Nino
472,2019-05-31,totumo,11.583333333333343,,-0.06819981543148212,6.692069662137904,0.0,-0.7,Nino
473,2019-06-30,totumo,-9.166666666666664,,-0.06286326949226695,5.871709607763506,25.67125081859856,-0.7,Nino
474,2019-07-31,totumo,1.8333333333333357,,-0.002435754636357479,4.482414295826253,99.34512115258676,-0.6,Nino
475,2019-08-31,totumo,55.833333333333336,,-0.011185854538643403,-1.6527233855098373,99.93451211525868,-0.2,Neutral
476,2019-09-30,totumo,72.83333333333334,,0.03063068058262508,-4.49473300212809,0.0,-1.9,Neutral
477,2019-10-31,totumo,30.958333333333336,,0.03730340466903592,-9.237537978994155,99.93451211525868,-0.6,Neutral
478,2019-11-30,totumo,31.54166666666667,,0.1095327825885759,0.5032217262632344,91.22462344466274,-1.4,Neutral
479,2019-12-31,totumo,-47.708333333333336,,0.0867763341985881,-10.596292023305413,90.8316961362148,-0.9,Neutral
480,2020-01-31,totumo,-53.416666666666664,,0.10812678873968573,-1.8463441038307948,100.0,0.3,Neutral
481,2020-02-29,totumo,-55.666666666666664,,0.013369689581508082,1.0306606636048983,100.0,-0.1,Neutral
482,2020-03-31,totumo,-53.08333333333333,,-0.10956503517985439,5.130166848358591,99.93451211525868,-0.2,Neutral
483,2020-04-30,totumo,-52.625,,-0.1587817560740522,7.81444762801641,95.87426326129666,0.3,Neutral
484,2020-05-31,totumo,-27.666666666666664,,-0.15925580183433896,15.097244555132704,97.05304518664047,0.7,Neutral
485,2020-06-30,totumo,96.33333333333334,,-0.05896475980292226,0.037221849435873366,68.17288801571709,-0.6,Neutral
486,2020-07-31,totumo,18.000000000000007,,0.009852507918306608,-8.792259095785198,96.92206941715784,0.7,Nina
487,2020-08-31,totumo,78.0,,0.01855023243999443,-3.9674271373387278,0.0,1.8,Nina
488,2020-09-30,totumo,-26.999999999999993,,0.0787333184367981,2.00088390710215,83.03863785199738,1.5,Nina
489,2020-10-31,totumo,99.33333333333334,,0.0668500693274171,-0.9966637373249938,42.960052390307794,0.8,Nina
490,2020-11-30,totumo,51.54166666666667,,0.06261813153382689,0.8591197018298864,0.0,1.1,Nina
491,2020-12-31,totumo,-53.666666666666664,,0.06002214346319101,2.4149057181129727,95.67779960707269,3.0,Nina
492,2021-01-31,totumo,-56.74999999999999,,-0.04490239372472671,-9.200607461448381,22.789783889980352,3.2,Nina
493,2021-02-28,totumo,-60.12499999999999,,0.0008654288086236139,1.5761998516277629,99.41060903732809,2.5,Nina
494,2021-03-31,totumo,-80.54166666666666,,-0.05105545343933782,-1.8258642416244157,0.0,0.6,Nina
495,2021-04-30,totumo,-66.625,,-0.06555462011288227,-6.680453066829013,74.13228552717747,0.6,Nina
496,2021-05-31,totumo,-63.0,,-0.01849436744616617,3.0685751267428003,99.6725605762934,0.8,Nina
497,2021-06-30,totumo,-60.999999999999986,,0.030647307445269334,6.087578407949465,99.60707269155206,0.7,Nina
498,2021-07-31,totumo,-48.693473193473096,,0.038598072532124106,6.697148659441169,99.86902423051735,2.3,Nina
499,2021-08-31,totumo,136.07517482517494,,-0.06196530654967647,-3.0468640036509953,47.34774066797642,1.0,Nina
500,2021-09-30,totumo,306.843822843823,,-0.025346479817395684,6.022389389774197,95.87426326129666,1.3,Nina
501,2021-10-31,totumo,286.612470862471,,0.0006697520988871997,5.64843249680024,99.47609692206942,1.2,Nina
502,2021-11-30,totumo,76.38111888111905,,-0.022634988714035242,0.023686346687821214,98.2973149967256,1.6,Nina
503,2021-12-31,totumo,-123.85023310023291,,-0.02867862045212788,3.535293285985915,99.54158480681072,2.5,Nina
504,2001-01-31,virgen,-64.42149864024866,,0.06966910238776358,-0.5365383614046344,99.19752378768771,1.6,Nina
505,2001-02-28,virgen,-68.17997037684539,,-0.0009578042393785235,0.39653271922650646,0.0,2.8,Nina
506,2001-03-31,virgen,-68.58844211344213,,-0.058681569521546184,1.8073801299742627,99.24337957124844,1.5,Nina
507,2001-04-30,virgen,-61.84691385003887,,-0.14208989940283195,-0.22496679585542267,99.01410065344491,0.3,Neutral
508,2001-05-31,virgen,-47.355385586635606,,-0.07133810403079871,6.418076166272584,98.81921357331194,-0.8,Neutral
509,2001-06-30,virgen,-11.413857323232335,,-0.017389994620270022,9.052292627712752,98.93385303221368,0.5,Neutral
510,2001-07-31,virgen,7.095833333333331,,0.022984618161706494,5.470091889952137,80.46543620314111,-0.3,Neutral
511,2001-08-31,virgen,-16.02916666666666,,-0.0962090976049334,-7.8220630559345565,91.4249684741488,-0.7,Neutral
512,2001-09-30,virgen,30.193749999999994,,-0.011859245653105699,4.184812768674497,75.3525163361229,0.3,Neutral
513,2001-10-31,virgen,209.83749999999998,,0.0785380844799658,-2.185021015326022,0.0,-0.1,Neutral
514,2001-11-30,virgen,82.8291666666667,,0.14764041480099555,-4.16533182047694,35.46944858420268,1.1,Neutral
515,2001-12-31,virgen,-16.74374999999999,,0.08470205462131863,-12.470345976742095,50.79674423936719,-1.4,Neutral
516,2002-01-31,virgen,-81.8125,,0.06283890093495736,0.7620515152701159,98.95678092399405,0.7,Neutral
517,2002-02-28,virgen,-86.61041666666668,,-0.020795334116921804,0.09294590064158825,0.0,1.8,Neutral
518,2002-03-31,virgen,-85.04583333333332,,-0.09239192614714986,0.03978973692453991,98.15430471168176,-0.4,Neutral
519,2002-04-30,virgen,-62.82291666666665,,-0.12905153733252234,4.765031808368022,65.40181130345066,-0.1,Neutral
520,2002-05-31,virgen,46.35208333333334,,-0.038244590884581875,4.959847887471703,0.0,-1.4,Nino
521,2002-06-30,virgen,41.37916666666666,,0.04456198373620501,2.4786225628431495,99.58729794795369,-0.4,Nino
522,2002-07-31,virgen,112.88125,,0.021627473872560032,4.147797027331137,99.57583400206352,-0.8,Nino
523,2002-08-31,virgen,5.595833333333331,,-0.028264711522119734,-3.5362036087804434,99.3924108678207,-1.6,Nino
524,2002-09-30,virgen,7.222916666666663,,0.029563374492632133,-0.333545525235337,0.0,-1.0,Nino
525,2002-10-31,virgen,36.12083333333334,,0.07428381405979256,0.43748446958137777,98.44090335893615,-0.6,Nino
526,2002-11-30,virgen,4.949999999999996,,0.10137344797644143,-0.5187778200122537,87.16038060300355,-0.7,Nino
527,2002-12-31,virgen,-60.24166666666667,,0.0861766300032834,-2.9715072691401083,0.0,-1.8,Nino
528,2003-01-31,virgen,-64.1625,,0.00704081525877337,-5.222191354519058,99.23191562535824,-0.3,Nino
529,2003-02-28,virgen,-61.47916666666666,,-0.09426816215146194,2.8661637003093716,99.09434827467616,-1.1,Nino
530,2003-03-31,virgen,-62.404166666666654,,-0.14459467248195873,-0.8094544969751283,98.65871833084948,-0.5,Nino
531,2003-04-30,virgen,-25.729166666666643,,-0.10895517869207538,1.2531536886585997,4.367763384156826,-0.2,Neutral
532,2003-05-31,virgen,-6.556250000000006,,-0.025350949568886227,4.442967430772072,98.95678092399405,-0.5,Neutral
533,2003-06-30,virgen,145.26041666666669,,-0.002909020580782906,1.7915511946978597,0.0,-1.0,Neutral
534,2003-07-31,virgen,42.758333333333354,,0.006811533984576901,1.6420662690416776,0.0,0.5,Neutral
535,2003-08-31,virgen,-57.94166666666665,,-0.01924842978951835,-0.7961409902726047,0.0,0.2,Neutral
536,2003-09-30,virgen,23.65833333333336,,0.0034391303842080667,-1.301477662087951,0.0,-0.2,Neutral
537,2003-10-31,virgen,55.22291666666668,,0.01304543056764107,-4.999529744461761,16.86346440444801,0.0,Neutral
538,2003-11-30,virgen,80.41041666666668,,0.18490425801434873,1.0257685407060748,39.470365699873895,-0.5,Neutral
539,2003-12-31,virgen,62.56041666666667,,0.1391348579521613,-1.8693066919025512,0.0,1.8,Neutral
540,2004-01-31,virgen,-83.02916666666667,,0.026797673036016434,-4.695244420804663,84.82173564140777,-2.2,Neutral
541,2004-02-29,virgen,-87.02916666666667,,-0.09899503000019705,-1.3027495723271656,59.15396079330506,2.0,Neutral
542,2004-03-31,virgen,-96.78333333333333,,-0.1660467872190523,-2.5057455950036243,84.35171385991057,0.7,Neutral
543,2004-04-30,virgen,-93.10416666666666,,-0.04602591449556709,7.388919298305062,61.8823799151668,-1.5,Neutral
544,2004-05-31,virgen,66.47916666666666,,-0.031659194885126696,5.18663740900341,65.75719362604609,1.7,Neutral
545,2004-06-30,virgen,-69.13541666666666,,0.040862677762521726,3.024285303157086,0.0,-1.4,Nino
546,2004-07-31,virgen,4.216666666666669,,0.08768736918602926,2.6334164792838024,51.75971569414193,-0.8,Nino
547,2004-08-31,virgen,29.91666666666667,,-0.058068480811479806,-0.547140128677043,22.996675455691847,-0.5,Nino
548,2004-09-30,virgen,123.19583333333335,,0.03238023716384042,-0.30435114454487433,2.2813252321449045,-0.6,Nino
549,2004-10-31,virgen,131.86875,,0.1207873201814853,-1.6685458414481005,85.53250028659865,-0.1,Nino
550,2004-11-30,virgen,260.51250000000005,,-0.10169513440768696,-10.204016409710476,51.9546027742749,-1.1,Nino
551,2004-12-31,virgen,-119.77708333333334,,0.09323671724160443,4.8750972353141115,79.72027972027972,-1.3,Nino
552,2005-01-31,virgen,-118.83125000000001,,0.014172509061884941,1.623198903045381,99.08288432878597,0.6,Nino
553,2005-02-28,virgen,-113.66875,,-0.03716028509636782,1.2092333702035063,85.15419007222286,-5.2,Nino
554,2005-03-31,virgen,-108.34375,,-0.1360184400976691,1.8428589557487243,63.9802820130689,0.5,Nino
555,2005-04-30,virgen,-100.05833333333331,,-0.16510144811385613,-16.805073457573727,10.730253353204173,-1.0,Neutral
556,2005-05-31,virgen,138.75833333333333,,0.0094294602554863,2.1411650538413767,78.13825518743552,-1.3,Neutral
557,2005-06-30,virgen,26.17083333333335,,0.05250013023746236,2.1726545085919255,0.0,0.7,Neutral
558,2005-07-31,virgen,-44.34583333333333,,0.08997556359959602,5.15599234015167,64.56494325346785,0.3,Neutral
559,2005-08-31,virgen,17.554166666666674,,0.06105417136251201,7.309116708671098,58.37441247277313,-0.6,Neutral
560,2005-09-30,virgen,82.35833333333332,,0.01778615251759863,5.246423110781819,72.07382781153274,0.6,Neutral
561,2005-10-31,virgen,107.95416666666668,,-0.02445121361409064,-11.729921177391361,28.728648400779548,2.0,Nina
562,2005-11-30,virgen,70.99583333333334,,0.11952559491114523,-0.24783239837869786,62.455577209675575,-0.3,Nina
563,2005-12-31,virgen,-75.57916666666667,,0.11935244962453806,0.2970732988022817,95.55198899461196,0.0,Nina
564,2006-01-31,virgen,-80.40208333333334,,0.04820728500940863,0.9721018255527483,99.3006993006993,2.7,Nina
565,2006-02-28,virgen,-86.22916666666667,,-0.06798982022015543,-2.3346397547807527,72.87630402384501,0.2,Nina
566,2006-03-31,virgen,-73.35416666666667,,-0.1213489014628173,-0.03772694913790531,54.44227903244296,2.9,Nina
567,2006-04-30,virgen,-62.53541666666666,,-0.17879329396214333,6.7170375712995,54.71741373380718,1.8,Nina
568,2006-05-31,virgen,62.868750000000006,,-0.09569426018729027,2.754030618584693,0.1261034047919293,-0.8,Neutral
569,2006-06-30,virgen,19.79791666666668,,-0.019139363560105482,-3.293055752909762,0.0,-0.4,Neutral
570,2006-07-31,virgen,37.187500000000014,,0.042865979498392326,-6.7462677950777135,15.166800412702052,-1.0,Neutral
571,2006-08-31,virgen,71.03541666666669,,0.07003643107812874,7.415791739232276,92.49111544193512,-1.7,Nino
572,2006-09-30,virgen,-44.14999999999999,,0.09218339552964816,0.7108084040514413,95.21953456379686,-1.0,Nino
573,2006-10-31,virgen,136.48958333333331,,0.010344690625655906,-5.693445585600198,53.10099736329244,-2.1,Nino
574,2006-11-30,virgen,45.345833333333346,,0.12517213748011125,3.5953016995143017,96.99644617677404,0.1,Nino
575,2006-12-31,virgen,-30.61458333333333,,0.09678344615514212,1.1823313232796586,86.19740914822881,-0.5,Nino
576,2007-01-31,virgen,-95.79375,,0.04321089165604053,1.8044007082864724,99.46119454316177,-1.3,Nino
577,2007-02-28,virgen,-99.02708333333335,,-0.050793578496933556,0.06133459364374616,0.0,-0.1,Nino
578,2007-03-31,virgen,-110.20208333333333,,-0.13232600441785164,-0.9179740758007426,0.0,0.3,Neutral
579,2007-04-30,virgen,-31.820833333333326,,-0.16851009201426514,-3.91216192481631,0.0,-0.2,Neutral
580,2007-05-31,virgen,105.56458333333333,,-0.14554642064955686,-5.000961972852277,25.49581565975009,-0.2,Nina
581,2007-06-30,virgen,-68.68958333333329,,0.036180725489171395,-2.5126249606767033,51.0260231571707,0.9,Nina
582,2007-07-31,virgen,3.07916666666668,,0.08663383025419069,5.504041677302478,54.31617562765104,-0.5,Nina
583,2007-08-31,virgen,102.02291666666666,,-0.05704907833800177,3.136596127632064,17.826435859222745,0.7,Nina
584,2007-09-30,virgen,109.5166666666667,,0.15070844467686617,5.6527043536348955,40.14673850739425,0.3,Nina
585,2007-10-31,virgen,319.5333333333333,,0.10939880086492293,-3.9036528434273556,0.0,1.2,Nina
586,2007-11-30,virgen,-32.137499999999974,,0.04640721823446492,-8.854547560781413,79.50246474836639,1.4,Nina
587,2007-12-31,virgen,-104.28541666666668,,0.08657341350567671,1.4733775578751889,92.72039435973862,2.7,Nina
588,2008-01-31,virgen,-105.10833333333333,,0.021214462029587766,3.019402517986414,69.72371890404678,2.9,Nina
589,2008-02-29,virgen,-102.99583333333332,,-0.046746172835744004,2.0658136804577616,99.48412243494212,4.4,Nina
590,2008-03-31,virgen,-100.29166666666666,,-0.12985911957867602,4.059394093085768,62.088730941189965,2.4,Nina
591,2008-04-30,virgen,-68.59583333333332,,-0.15674105798950005,1.4230871003904078,16.39344262295082,1.1,Nina
592,2008-05-31,virgen,7.6937500000000085,,-0.06555781909368974,-5.891249568938878,61.2289349994268,-0.1,Nina
593,2008-06-30,virgen,-16.35208333333331,,-0.01961736094519395,-4.950539024990881,0.0,1.0,Nina
594,2008-07-31,virgen,-4.770833333333343,,0.014295203227528086,-1.0364816703825852,0.0,0.5,Nina
595,2008-08-31,virgen,148.48749999999998,,0.01134760918754496,0.33824112957220365,10.466582597730138,1.7,Neutral
596,2008-09-30,virgen,77.83958333333334,,0.06112103564465343,0.8176810716386669,0.6190530780694715,2.0,Neutral
597,2008-10-31,virgen,26.510416666666657,,0.09894338806621505,-1.4662984152198177,55.04986816462226,2.1,Nina
598,2008-11-30,virgen,172.78750000000002,,0.07405696671432205,2.3768538114582043,54.72887767969736,2.2,Nina
599,2008-12-31,virgen,-77.75416666666666,,0.11371395071890933,0.3087953890567121,63.96881806717872,2.4,Nina
600,2009-01-31,virgen,-80.83125,,-0.013180834472078184,0.8968592674629221,76.31548779089763,1.8,Nina
601,2009-02-28,virgen,-74.65833333333333,,-0.04013187312280109,1.334477923245288,55.85234437693454,3.1,Nina
602,2009-03-31,virgen,-61.71041666666666,,-0.07268851046768987,2.042659129101388,93.45408689670984,0.7,Nina
603,2009-04-30,virgen,-40.604166666666664,,-0.09923268466585422,2.2464290453143647,0.0229278917803507,1.3,Nina
604,2009-05-31,virgen,-43.83958333333334,,-0.07024667549658181,3.841948775237377,61.20600710764646,-0.2,Neutral
605,2009-06-30,virgen,39.2625,,-0.05888717518253772,0.1258318111883625,72.26871489166571,0.2,Nino
606,2009-07-31,virgen,31.916666666666657,,0.05078405810042119,5.379943128385918,86.1630173105583,0.4,Nino
607,2009-08-31,virgen,25.71666666666667,,-0.027024985101967047,-11.519352602873155,57.60632809813138,-0.3,Nino
608,2009-09-30,virgen,-16.41875000000001,,0.04644858882994796,-4.81459215436503,3.5882150636249,0.5,Nino
609,2009-10-31,virgen,124.7125,,0.11038864469486387,-0.6363300156273191,77.22113951622148,-2.0,Nino
610,2009-11-30,virgen,45.016666666666666,,0.016992397761777522,-5.094976715358676,64.35859222744469,-1.0,Nino
611,2009-12-31,virgen,-56.81666666666668,,0.10547800242607486,2.7105193373316183,63.48733233979136,-1.2,Nino
612,2010-01-31,virgen,-94.63541666666666,,0.021952417276979053,3.299467833603373,99.27777140891897,-1.8,Nino
613,2010-02-28,virgen,-112.24999999999997,,-0.06428942856653841,6.541580103490119,0.0,-2.4,Nino
614,2010-03-31,virgen,-103.67291666666667,,-0.14005831836929417,9.556442230143272,97.61549925484351,-1.1,Nino
615,2010-04-30,virgen,-100.07916666666664,,-0.1417913500153406,1.8628351245084502,25.51874355153044,2.0,Nino
616,2010-05-31,virgen,11.775000000000034,,0.012843067230693506,4.374899590764777,49.69620543391035,1.5,Nina
617,2010-06-30,virgen,55.75625000000002,,-0.009571278920936344,-13.868763512884383,28.46497764530551,0.6,Nina
618,2010-07-31,virgen,153.68333333333334,,0.030293016202161516,-8.407438759998946,0.0,3.0,Nina
619,2010-08-31,virgen,23.010416666666686,,0.027491756775445908,-5.6785968045272845,7.967442393671901,3.0,Nina
620,2010-09-30,virgen,-37.17083333333332,,0.06806948169842297,-0.9788356006761063,0.0,3.7,Nina
621,2010-10-31,virgen,210.92083333333335,,0.09937186637492645,0.8186521417334411,48.400779548320536,2.9,Nina
622,2010-11-30,virgen,366.41874999999993,,0.0449854390379828,6.415149251332004,68.73781955749169,2.1,Nina
623,2010-12-31,virgen,42.92291666666668,,0.016971895174643592,-2.346241797018383,51.97753066605526,4.8,Nina
624,2011-01-31,virgen,-183.425,,0.01655897281305141,-0.4413404883334948,98.81921357331194,3.8,Nina
625,2011-02-28,virgen,-172.80208333333337,,-0.023560552696039738,3.6213228623478386,73.22022240055027,4.5,Nina
626,2011-03-31,virgen,-174.69375000000002,,-0.043143128574519185,1.6714787026433093,73.05972715808781,4.2,Nina
627,2011-04-30,virgen,-159.23541666666665,,-0.10164738579940247,2.569657341396706,70.98475295196607,3.1,Nina
628,2011-05-31,virgen,-99.77708333333328,,-0.14186577687468438,-0.9051357232357162,56.689212426917344,0.6,Nina
629,2011-06-30,virgen,-6.247916666666669,,-0.0331116072498614,-0.08740364851022164,0.0,0.4,Nina
630,2011-07-31,virgen,100.35000000000002,,0.060594041433182366,3.088768320596227,47.47219993121632,1.6,Nina
631,2011-08-31,virgen,-29.62708333333336,,0.02891370051334119,-6.148083555615173,59.50934311590049,0.7,Nina
632,2011-09-30,virgen,125.69583333333338,,0.09107592477022541,3.07575038981717,54.293247735870686,1.7,Nina
633,2011-10-31,virgen,400.29166666666663,,0.09463100036335337,-1.2459231687267227,41.98096984982231,1.2,Nina
634,2011-11-30,virgen,121.98124999999993,,0.05528034514290714,0.6511079513298519,40.47919293820933,1.8,Nina
635,2011-12-31,virgen,-5.7041666666666515,,0.10052334793335338,1.1104629485561048,73.30047002178149,4.1,Nina
636,2012-01-31,virgen,-151.98125,,0.03534324379041187,-1.4386022566514107,73.90805915396079,1.8,Nina
637,2012-02-29,virgen,-144.58541666666665,,-0.08228607534274279,0.3195059858379601,71.53502235469449,0.8,Nina
638,2012-03-31,virgen,-141.4770833333333,,-0.15682597926916042,3.8323314891295333,59.23420841453628,1.2,Nina
639,2012-04-30,virgen,-91.16249999999998,,-0.14531993348169858,-9.752318449377249,19.93580190301502,-0.4,Nina
640,2012-05-31,virgen,26.960416666666646,,-0.09265821186906642,0.7321453875348674,81.80671787229164,0.1,Nina
641,2012-06-30,virgen,-29.18749999999998,,0.047059013051302556,1.244621183887297,84.08804310443655,-0.7,Neutral
642,2012-07-31,virgen,-32.90833333333333,,0.06326297393630198,2.671222406112978,0.0,-0.1,Neutral
643,2012-08-31,virgen,91.59166666666668,,0.04132309241077736,1.6308861584694583,59.85326149260576,-0.3,Neutral
644,2012-09-30,virgen,94.99166666666666,,0.04498617578569852,2.5620095991165783,72.61263326837097,0.4,Neutral
645,2012-10-31,virgen,182.93333333333334,,0.06068067478007111,-12.632562532888095,12.598876533302764,0.5,Neutral
646,2012-11-30,virgen,18.67500000000001,,0.10821275133425567,4.09561694684578,71.32867132867133,0.4,Neutral
647,2012-12-31,virgen,-69.74374999999999,,0.09185253094557622,1.089926282128637,77.51920210936605,-1.0,Neutral
648,2013-01-31,virgen,-78.9875,,0.026970883895927056,-0.04435656727005721,92.1242691734495,-0.1,Neutral
649,2013-02-28,virgen,-78.57291666666666,,-0.06112305875287116,-0.22509698251861465,58.431732202224005,-0.4,Neutral
650,2013-03-31,virgen,-78.08541666666667,,-0.1636877468500414,1.7319493176319085,58.97053765906225,2.5,Neutral
651,2013-04-30,virgen,-72.67708333333334,,-0.14430376105623066,0.9478384621310809,0.0,0.4,Neutral
652,2013-05-31,virgen,17.068749999999994,,-0.06934328521680555,1.8257531285975546,0.0,1.3,Neutral
653,2013-06-30,virgen,18.65416666666667,,-0.0017865881096603697,0.8900345437294064,0.0,2.0,Neutral
654,2013-07-31,virgen,-2.9458333333333186,,0.047617608629929586,2.068838153977346,50.10890748595666,1.3,Neutral
655,2013-08-31,virgen,84.00416666666669,,0.026068194223961894,0.4309871513529231,0.0,0.3,Neutral
656,2013-09-30,virgen,123.20416666666668,,0.04937306751184678,0.6278363963294851,0.0,0.5,Neutral
657,2013-10-31,virgen,76.33125,,0.0635227292206687,-1.9933184166054154,70.04470938897168,-0.1,Neutral
658,2013-11-30,virgen,-8.754166666666656,,0.0546111866276614,-5.848353519239399,88.87997248652987,1.2,Neutral
659,2013-12-31,virgen,-29.58958333333333,,0.06427155425289943,-0.9128634491240106,94.45145018915512,0.1,Neutral
660,2014-01-31,virgen,-54.83125,,0.06637101043265292,-0.35330388290859815,99.58729794795369,2.4,Neutral
661,2014-02-28,virgen,-49.89583333333332,,-0.009955546661165049,1.1574987348894723,99.6216897856242,0.1,Neutral
662,2014-03-31,virgen,-42.96666666666666,,-0.05907985440194918,2.4700532238555652,99.58729794795369,-1.5,Neutral
663,2014-04-30,virgen,-44.22916666666666,,-0.10164937663297224,5.610964873831826,99.63315373151438,1.3,Neutral
664,2014-05-31,virgen,-28.39374999999999,,-0.06375614636367022,-5.938327829720052,91.50521609538002,0.9,Neutral
665,2014-06-30,virgen,-28.893749999999997,,-0.06267327216738683,2.2828438755739384,54.48813481600367,0.3,Neutral
666,2014-07-31,virgen,-21.566666666666666,,-0.038793205997350144,2.8053377352036506,99.58729794795369,-0.3,Neutral
667,2014-08-31,virgen,13.233333333333334,,-0.00932443237488323,-2.260594307437124,75.18055714777027,-1.2,Neutral
668,2014-09-30,virgen,56.65,,0.059353044897990315,-0.046659312378288575,15.464863005846611,-1.2,Nino
669,2014-10-31,virgen,206.49166666666667,,0.016791001454809606,-7.857366436106567,49.37521494898544,-1.0,Nino
670,2014-11-30,virgen,-5.987499999999997,,0.09939376230370844,2.701817392703653,99.59876189384386,-1.5,Nino
671,2014-12-31,virgen,22.25833333333334,,0.10860620193464166,-0.6923533851703567,99.49558638083228,-0.9,Nino
672,2015-01-31,virgen,-52.483333333333334,,0.0702891704879891,-0.0815095475634422,99.6216897856242,-1.4,Nino
673,2015-02-28,virgen,-52.34583333333333,,0.01085002445460359,-0.37449830336763057,99.59876189384386,0.4,Nino
674,2015-03-31,virgen,-48.78333333333333,,-0.07687293282636354,1.1285484616391201,99.57583400206352,-1.2,Nino
675,2015-04-30,virgen,-34.31666666666666,,-0.050237094124552795,1.8705492173897227,99.42680270549124,-0.1,Nino
676,2015-05-31,virgen,-28.520833333333332,,-0.05044073653855252,2.274061958684996,99.4382666513814,-1.2,Nino
677,2015-06-30,virgen,-8.891666666666659,,-0.05868663378362704,1.2290485821748334,99.69047346096526,-0.9,Nino
678,2015-07-31,virgen,9.075000000000006,,-0.1296596060909273,-6.001182133466521,97.92502579387823,-1.9,Nino
679,2015-08-31,virgen,21.775000000000002,,0.025550844136383533,1.821999736756787,99.64461767740455,-2.4,Nino
680,2015-09-30,virgen,53.25833333333334,,0.028350682630197577,3.8270670840879717,21.437578814627997,-2.7,Nino
681,2015-10-31,virgen,21.150000000000006,,0.08786143139305069,2.204251028765178,33.7842485383469,-2.8,Nino
682,2015-11-30,virgen,63.78333333333333,,0.10060718087995801,0.2783982361364252,99.59876189384386,-0.8,Nino
683,2015-12-31,virgen,-39.925,,0.07605478883602079,-1.661736360825877,99.69047346096526,-0.9,Nino
684,2016-01-31,virgen,-46.025,,0.021385278101737182,-0.36967355850419636,99.63315373151438,-3.6,Nino
685,2016-02-29,virgen,-47.05,,-0.07241083273466775,-2.0154566305709736,99.59876189384386,-3.2,Nino
686,2016-03-31,virgen,-46.175,,-0.11631876246969775,-1.1496162407232973,99.54144216439298,-0.1,Nino
687,2016-04-30,virgen,-55.38416666666666,,-0.10411142648085425,0.8172083900144358,96.65252780006878,-2.0,Nino
688,2016-05-31,virgen,48.735833333333346,,-0.020298281547367014,0.686977002419539,98.77335778975124,0.7,Nino
689,2016-06-30,virgen,-50.37249999999999,,0.01016049216517012,-2.5841527688183774,95.28831823913792,1.1,Neutral
690,2016-07-31,virgen,-18.043333333333322,,0.01705678971102287,1.790187405545133,99.58729794795369,0.7,Nina
691,2016-08-31,virgen,-75.14333333333332,,-0.03747387450922246,1.2297979463693949,92.9152814398716,1.2,Nina
692,2016-09-30,virgen,-20.318333333333328,,0.07159294504497526,0.6923749660540679,67.79777599449731,2.0,Nina
693,2016-10-31,virgen,322.2141666666667,,0.08877215546214678,-0.4186735048224719,95.1966066720165,-0.4,Nina
694,2016-11-30,virgen,259.8858333333333,,0.07105845819571355,2.037275154690434,98.95678092399405,-0.2,Nina
695,2016-12-31,virgen,-42.564166666666665,,0.05817488932177273,-1.560883006098166,99.57583400206352,0.5,Nina
696,2017-01-31,virgen,-116.66833333333332,,0.01159463734455246,-2.6506731682324656,99.56437005617332,0.3,Nina
697,2017-02-28,virgen,-124.06833333333331,,-0.039387638004836134,-2.5365555551209127,99.46119454316177,-0.1,Neutral
698,2017-03-31,virgen,-107.62666666666667,,-0.09128373266864742,0.41220860246197333,99.4382666513814,1.5,Neutral
699,2017-04-30,virgen,-87.27999999999999,,-0.11123019669913992,0.526542645631153,99.61022583973404,-0.3,Neutral
700,2017-05-31,virgen,29.04166666666667,,-0.04244777430041735,1.0723318028918953,98.91092514043332,0.4,Neutral
701,2017-06-30,virgen,42.366666666666674,,-0.003132333988992264,1.729586669173564,3.427719821162444,-0.7,Neutral
702,2017-07-31,virgen,104.37083333333334,,0.019820937475544476,4.48633444128712,99.73632924452596,1.3,Neutral
703,2017-08-31,virgen,30.416666666666657,,0.030190057450321106,2.7541051733632997,96.89327066376246,0.9,Neutral
704,2017-09-30,virgen,-22.208333333333343,,0.04259881749771921,1.2489931412086293,0.0,1.0,Nina
705,2017-10-31,virgen,14.187499999999986,,0.04623584654505175,-2.913932769133286,91.5166800412702,1.5,Nina
706,2017-11-30,virgen,106.8875,,0.05058023036308956,-6.111492080012571,86.66743092972601,1.5,Nina
707,2017-12-31,virgen,-24.883333333333347,,0.0669601969747895,-2.17816156222041,99.18605984179754,-0.2,Nina
708,2018-01-31,virgen,-66.51666666666667,,0.041551313905601184,-0.6252318204972838,98.7962856815316,1.8,Nina
709,2018-02-28,virgen,-59.92083333333333,,-0.024663528219480146,0.07091556677664101,99.48412243494212,-0.8,Nina
710,2018-03-31,virgen,-58.266666666666666,,-0.08405032935430978,-0.05519903180054797,77.66823340593832,2.4,Nina
711,2018-04-30,virgen,-50.054166666666674,,-0.11449729306813772,1.1997140386371896,96.48056861171617,0.8,Nina
712,2018-05-31,virgen,13.49166666666666,,-0.04748435190768996,1.833892050321957,0.1719591883526309,0.6,Nina
713,2018-06-30,virgen,28.9375,,0.01319019339441041,0.17752381258267036,92.60575490083689,-0.2,Neutral
714,2018-07-31,virgen,9.124999999999993,,-0.014129303169146734,-2.3826236930389797,99.7248652986358,0.4,Neutral
715,2018-08-31,virgen,-27.825000000000003,,0.03085023352695071,6.474569630020369,80.46543620314111,-0.5,Nino
716,2018-09-30,virgen,31.674999999999997,,0.01336661941465267,0.7723039440173807,99.63315373151438,-1.5,Nino
717,2018-10-31,virgen,181.33333333333334,,0.11960224758590787,1.7679176422416205,64.71397455004012,0.6,Nino
718,2018-11-30,virgen,49.775000000000006,,-0.017660540065436492,-8.404286022841035,99.81657686575718,-0.1,Nino
719,2018-12-31,virgen,-60.675,,0.08347735667691702,-1.035141080160983,99.0714203828958,1.7,Nino
720,2019-01-31,virgen,-60.216666666666654,,0.024617815550729505,-1.3586235519441772,99.70193740685544,-0.1,Nino
721,2019-02-28,virgen,-63.41666666666667,,-0.029026124959361632,-2.4608368765923743,99.58729794795369,-2.3,Nino
722,2019-03-31,virgen,-64.24583333333332,,-0.12493851234618492,1.1561847883314798,99.55290611028316,-0.5,Nino
723,2019-04-30,virgen,-62.279166666666654,,-0.11319320995470938,3.5821166805457025,99.4382666513814,0.2,Nino
724,2019-05-31,virgen,38.67083333333334,,-0.028999954340628187,5.186459356487987,0.0,-0.7,Nino
725,2019-06-30,virgen,3.954166666666673,,0.043330255520676375,4.376504740088379,90.33589361458216,-0.7,Nino
726,2019-07-31,virgen,38.49583333333334,,0.041534972095888634,1.4304422563858878,0.0343918376705262,-0.6,Nino
727,2019-08-31,virgen,27.500000000000014,,0.003853595529468956,-4.465055877994736,99.44973059727158,-0.2,Neutral
728,2019-09-30,virgen,6.500000000000014,,-0.007570991868608878,-0.7252599182791855,85.70445947495128,-1.9,Neutral
729,2019-10-31,virgen,173.70833333333331,,0.04142788672005093,-6.327867086916601,90.22125415568038,-0.6,Neutral
730,2019-11-30,virgen,-15.479166666666657,,0.1118569875062273,2.209892608843546,97.73013871374528,-1.4,Neutral
731,2019-12-31,virgen,-36.83333333333333,,0.09964681862920943,-8.164496447661008,61.2289349994268,-0.9,Neutral
732,2020-01-31,virgen,-53.729166666666664,,0.04836658321331755,1.5244284930004142,98.77335778975124,0.3,Neutral
733,2020-02-29,virgen,-58.99583333333333,,-0.029115884677667014,1.8895213100734338,99.50705032672246,-0.1,Neutral
734,2020-03-31,virgen,-60.65416666666666,,-0.1038560430659422,2.3886828858254816,99.33509113836982,-0.2,Neutral
735,2020-04-30,virgen,-59.08333333333332,,-0.12698932206460917,3.690402965903793,99.64461767740455,0.3,Neutral
736,2020-05-31,virgen,-52.9625,,-0.09975709248265563,3.513896400657501,99.41533875960106,0.7,Neutral
737,2020-06-30,virgen,-15.291666666666671,,-0.036226333823557444,0.11073539433303381,99.2548435171386,-0.6,Neutral
738,2020-07-31,virgen,93.37916666666666,,-0.01241480060332989,-1.5812221489489957,99.7134013527456,0.7,Nina
739,2020-08-31,virgen,52.69999999999999,,-5.041352912737995e-05,-3.197909639286486,97.73013871374528,1.8,Nina
740,2020-09-30,virgen,-25.9,,0.041626140987007676,1.3864515482134863,98.4179754671558,1.5,Nina
741,2020-10-31,virgen,117.875,,0.10077905143994303,-2.3793206328256886,72.87630402384501,0.8,Nina
742,2020-11-30,virgen,213.60833333333335,,0.09077732862505561,-0.5630289848678274,1.031755130115786,1.1,Nina
743,2020-12-31,virgen,-84.15833333333333,,0.08625707680138484,-0.038673381941755736,98.5555428178379,3.0,Nina
744,2021-01-31,virgen,-75.36666666666665,,0.03620501648240271,-0.10979143867746188,99.75925713630632,3.2,Nina
745,2021-02-28,virgen,-92.12916666666665,,-0.0411429990410388,0.5725592566670628,99.65608162329474,2.5,Nina
746,2021-03-31,virgen,-93.43333333333334,,-0.10723497291303075,2.9230200006487266,94.76097672818985,0.6,Nina
747,2021-04-30,virgen,-12.36666666666666,,-0.10540452852927562,-1.9074887625758095,99.59876189384386,0.6,Nina
748,2021-05-31,virgen,-62.508333333333326,,-0.02719298864556019,3.6019364476196642,99.55290611028316,0.8,Nina
749,2021-06-30,virgen,3.1625000000000085,,-0.005325029839458706,-0.16794391244797424,99.7248652986358,0.7,Nina
750,2021-07-31,virgen,112.80885295260293,,0.013582244188289794,3.872482461187211,99.80511291986704,2.3,Nina
751,2021-08-31,virgen,6.398829642579685,,-0.02552223762836403,-2.623573269609924,76.13206465665482,1.0,Nina
752,2021-09-30,virgen,11.38880633255637,,0.003423974606475144,-3.12319707537479,0.0,1.3,Nina
753,2021-10-31,virgen,125.57878302253306,,0.022740239687304653,-6.3475849339801975,90.70273988306776,1.2,Nina
754,2021-11-30,virgen,-20.431240287490255,,0.06287281554819513,0.5947400057607126,99.70193740685544,1.6,Nina
755,2021-12-31,virgen,-79.34126359751352,,0.05693035197474816,-0.1910400491534716,99.75925713630632,2.5,Nina
