time,NDVI,Temperature,PixelPercentage,Lagoon
2001-01-31,0.5199669514136877,28.034192122587054,85.54964539007092,mallorquin
2001-02-28,0.4601809027764442,28.905898511500016,0.0,mallorquin
2001-03-31,0.3997534269161012,30.600624113848,89.8936170212766,mallorquin
2001-04-30,0.2413248977760085,19.57551669197399,11.199763593380615,mallorquin
2001-05-31,0.38484876715449495,23.960525086704454,0.0,mallorquin
2001-06-30,0.35214307556860686,25.770739453237425,0.0,mallorquin
2001-07-31,0.3849072897160962,28.82272588831194,0.0,mallorquin
2001-08-31,0.3685701388355237,31.77054882593303,50.797872340425535,mallorquin
2001-09-30,0.518067533942211,33.913692397142874,47.78368794326241,mallorquin
2001-10-31,0.5291069865223523,33.15699022525213,0.0,mallorquin
2001-11-30,0.6835822139510261,32.72415525917116,86.37706855791963,mallorquin
2001-12-31,0.6877049183533112,33.258117999338666,0.0,mallorquin
2002-01-31,0.5818480874217364,32.829829489665855,75.79787234042553,mallorquin
2002-02-28,0.5301406175410892,32.44151871525439,0.0,mallorquin
2002-03-31,0.4942537304070654,32.48734497643619,90.54373522458629,mallorquin
2002-04-30,0.49168382567469665,32.435475798319814,0.0,mallorquin
2002-05-31,0.5828040285231149,34.17129818973226,0.0,mallorquin
2002-06-30,0.5886460889560086,34.9672952457447,93.52836879432624,mallorquin
2002-07-31,0.5849140512538217,38.97687713861704,92.6418439716312,mallorquin
2002-08-31,0.5839949424448746,38.72000385148618,0.0,mallorquin
2002-09-30,0.6484240083730928,37.49871752721516,0.0,mallorquin
2002-10-31,0.59525266857174,37.12847410771153,56.50118203309693,mallorquin
2002-11-30,0.6335245047475488,33.759760097858226,56.885342789598106,mallorquin
2002-12-31,0.5821563853042395,32.113311277699935,0.0,mallorquin
2003-01-31,0.4086548437625958,28.630319053831794,27.955082742316783,mallorquin
2003-02-28,0.3672070471898135,29.334766454618137,91.40070921985816,mallorquin
2003-03-31,0.3433270180710618,30.37167796603725,91.51891252955082,mallorquin
2003-04-30,0.31881720054875146,23.759670278290972,92.49408983451536,mallorquin
2003-05-31,0.3766692723681814,25.569165196348834,0.0,mallorquin
2003-06-30,0.3881664847574642,26.55119315305513,0.0,mallorquin
2003-07-31,0.43712900288175593,27.810880178893928,0.0,mallorquin
2003-08-31,0.45573317422226217,29.29640940446517,0.0,mallorquin
2003-09-30,0.5240680783322141,29.628265311470532,0.0,mallorquin
2003-10-31,0.48683075014295746,31.921533562073318,0.0,mallorquin
2003-11-30,0.563359813600768,33.06444041277502,44.148936170212764,mallorquin
2003-12-31,0.7072135847928224,33.27845738024155,81.47163120567376,mallorquin
2004-01-31,0.6523797432286637,30.881895838677707,74.17257683215131,mallorquin
2004-02-29,0.5597260014843283,30.890527267657042,78.98936170212765,mallorquin
2004-03-31,0.46495167532053755,30.929829319441513,93.17375886524822,mallorquin
2004-04-30,0.5304073726371913,34.9379979558634,92.87825059101655,mallorquin
2004-05-31,0.5526202162232206,33.42136328258036,87.5,mallorquin
2004-06-30,0.6090561576191288,34.40968229697541,0.0,mallorquin
2004-07-31,0.6768387543531305,36.613683707177266,77.27541371158392,mallorquin
2004-08-31,0.5014437761855697,15.777984913050213,15.218676122931443,mallorquin
2004-09-30,0.6205594292755985,21.454759346558763,86.70212765957447,mallorquin
2004-10-31,0.6646514455983562,33.01586196475238,71.36524822695036,mallorquin
2004-11-30,0.14901847029031978,22.332627967608715,1.773049645390071,mallorquin
2004-12-31,0.6242029951517192,17.486308982988845,72.04491725768321,mallorquin
2005-01-31,0.6517402161777154,31.876938016143633,93.49881796690308,mallorquin
2005-02-28,0.5750851572709623,31.102250137939716,94.1193853427896,mallorquin
2005-03-31,0.49121896925785674,32.12578017666669,75.97517730496453,mallorquin
2005-04-30,0.22818541196579212,23.911321500712063,54.107565011820334,mallorquin
2005-05-31,0.4891946981366744,24.279649213766255,40.27777777777778,mallorquin
2005-06-30,0.5782950278713601,30.116986089749787,0.0,mallorquin
2005-07-31,0.6434589064257256,36.03723257389419,75.79787234042553,mallorquin
2005-08-31,0.654588500526605,37.04353177751469,82.21040189125296,mallorquin
2005-09-30,0.7108182135061303,20.31731507750004,0.2364066193853428,mallorquin
2005-10-31,0.5207656681669474,28.987521655401682,49.734042553191486,mallorquin
2005-11-30,0.6370449086384709,11.362469326808533,25.206855791962173,mallorquin
2005-12-31,0.7090996487736848,34.84816695314697,74.85224586288416,mallorquin
2006-01-31,0.644570345248064,30.585186582464203,88.20921985815603,mallorquin
2006-02-28,0.5325960963317963,31.549814093180487,93.14420803782507,mallorquin
2006-03-31,0.5020460206301659,30.94002995943909,0.0,mallorquin
2006-04-30,0.46109936628037396,29.62362165180447,0.0,mallorquin
2006-05-31,0.5767386434700554,29.538752348456438,0.0,mallorquin
2006-06-30,0.6237268053220889,30.794135853686495,0.0,mallorquin
2006-07-31,0.6727066592477436,29.056455290922106,81.38297872340425,mallorquin
2006-08-31,0.6691335859918117,34.95148849202454,96.60165484633569,mallorquin
2006-09-30,0.6920010988058533,35.16249852345017,94.3853427895981,mallorquin
2006-10-31,0.31345826949875855,28.875934027586215,0.8569739952718677,mallorquin
2006-11-30,0.6321154781128656,26.313863031698133,42.10992907801418,mallorquin
2006-12-31,0.7061013179412503,33.57238509845159,78.87115839243499,mallorquin
2007-01-31,0.6067239760716738,29.811823599845084,84.69267139479906,mallorquin
2007-02-28,0.5410643080697802,31.37857680333317,0.0,mallorquin
2007-03-31,0.4592271503868516,32.25223398908918,0.0,mallorquin
2007-04-30,0.4071794182133009,31.06136117243545,15.543735224586289,mallorquin
2007-05-31,0.5535644678673194,32.41354463406562,0.0,mallorquin
2007-06-30,0.5766447742160921,32.95217039392152,0.0,mallorquin
2007-07-31,0.6021404778752854,32.51616349066191,32.77186761229314,mallorquin
2007-08-31,0.6276374998937895,31.911998878255034,0.0,mallorquin
2007-09-30,0.6874438402229284,29.966842321064178,0.0,mallorquin
2007-10-31,0.639683622974758,30.72852980959324,0.0,mallorquin
2007-11-30,0.7238137949542458,28.821045530851897,75.29550827423168,mallorquin
2007-12-31,0.6863536353340058,29.925161069747308,86.99763593380615,mallorquin
2008-01-31,0.6485936519133256,31.130098815811102,83.65839243498819,mallorquin
2008-02-29,0.6211123834131987,29.458709796998647,82.41725768321513,mallorquin
2008-03-31,0.47037560471298595,28.097081476901643,92.02127659574468,mallorquin
2008-04-30,0.5152361311083871,36.7738741407849,77.42316784869976,mallorquin
2008-05-31,0.5265807188878937,31.363804197451184,91.548463356974,mallorquin
2008-06-30,0.5362064492977148,31.667713717742334,0.0,mallorquin
2008-07-31,0.5493599090585732,32.07717674187905,0.0,mallorquin
2008-08-31,0.5527584822004827,32.72857222385571,0.0,mallorquin
2008-09-30,0.5986179016481759,32.3059889910016,0.0,mallorquin
2008-10-31,0.5398697670657857,33.537979612839145,0.0,mallorquin
2008-11-30,0.5965707493503952,31.957340072195805,42.84869976359338,mallorquin
2008-12-31,0.7702267965740995,29.510299117415403,84.27895981087471,mallorquin
2009-01-31,0.7173820252919043,31.150655628695333,0.0,mallorquin
2009-02-28,0.6609667791323325,33.462816604842835,76.59574468085107,mallorquin
2009-03-31,0.5292697757955638,31.68414446317429,97.01536643026006,mallorquin
2009-04-30,0.4746214714146331,31.145903845739664,86.28841607565012,mallorquin
2009-05-31,0.577983735457901,33.28218818602754,94.23758865248227,mallorquin
2009-06-30,0.5466667276524771,28.32061906003467,56.442080378250594,mallorquin
2009-07-31,0.5910327550457486,32.580268467085446,97.75413711583924,mallorquin
2009-08-31,0.3962546030591977,30.787193835898755,11.643026004728133,mallorquin
2009-09-30,0.5243826295099739,31.518557469566666,0.0,mallorquin
2009-10-31,0.5539184028316695,33.60417863850002,88.12056737588652,mallorquin
2009-11-30,0.6734742145042806,32.61528352888656,81.56028368794325,mallorquin
2009-12-31,0.6951440766381825,32.24452850988117,85.1063829787234,mallorquin
2010-01-31,0.606654217015966,32.34828127069611,97.54728132387707,mallorquin
2010-02-28,0.5332901102119564,34.081360524555535,0.0,mallorquin
2010-03-31,0.4734528220638226,36.09011247589472,85.25413711583924,mallorquin
2010-04-30,0.48723566708636845,31.99349188292052,0.0,mallorquin
2010-05-31,0.6000955120044486,30.139132738669748,12.795508274231679,mallorquin
2010-06-30,0.5785714073765675,19.985146118010444,65.78014184397163,mallorquin
2010-07-31,0.6167613587284035,22.622204505107355,0.0,mallorquin
2010-08-31,0.6297206765865685,25.276970439130384,0.0,mallorquin
2010-09-30,0.6972441652755927,27.252170590357544,0.0,mallorquin
2010-10-31,0.6644115197612918,29.75152794840287,54.43262411347518,mallorquin
2010-11-30,0.7379541404244112,29.303054009829467,0.0,mallorquin
2010-12-31,0.8008743563794656,31.208409185631012,78.42789598108747,mallorquin
2011-01-31,0.6904019846453381,30.165915871777546,79.81678486997636,mallorquin
2011-02-28,0.5879274505412951,29.930927029061568,58.156028368794324,mallorquin
2011-03-31,0.5842830308122778,29.88017094935386,83.74704491725768,mallorquin
2011-04-30,0.573600460316173,28.25779742138222,81.8853427895981,mallorquin
2011-05-31,0.6732403315952595,28.031171807088786,0.0,mallorquin
2011-06-30,0.7193782844908887,26.590347851002218,0.0,mallorquin
2011-07-31,0.7539924052887519,24.401620268523768,23.020094562647756,mallorquin
2011-08-31,0.7299940737455914,30.518750331319495,60.520094562647756,mallorquin
2011-09-30,0.7698608077997372,39.00208510918727,98.46335697399527,mallorquin
2011-10-31,0.7794661589042603,29.60866033006855,55.43735224586288,mallorquin
2011-11-30,0.6346711668537277,28.47128324767774,18.587470449172578,mallorquin
2011-12-31,0.7727420337070445,31.0505877438298,99.88179669030734,mallorquin
2012-01-31,0.524910334444511,23.510216437757865,19.739952718676122,mallorquin
2012-02-29,0.5211815705248868,27.700916943948755,0.0,mallorquin
2012-03-31,0.5060495728468025,31.643420521114166,85.25413711583924,mallorquin
2012-04-30,0.5567871968947211,26.969969778120923,80.55555555555556,mallorquin
2012-05-31,0.5398722880686938,31.65177850179658,66.99172576832152,mallorquin
2012-06-30,0.6647109550691803,33.83908915563329,93.61702127659575,mallorquin
2012-07-31,0.5565589728922282,33.66618455939527,67.81914893617021,mallorquin
2012-08-31,0.6910461086165691,28.56008056108165,87.94326241134752,mallorquin
2012-09-30,0.6946165141320443,30.85374634878945,80.55555555555556,mallorquin
2012-10-31,0.6803863072356676,21.847925486521756,83.21513002364065,mallorquin
2012-11-30,0.7474308069794189,34.82294627759706,95.89243498817966,mallorquin
2012-12-31,0.7598319788146645,33.772838865213565,0.0,mallorquin
2013-01-31,0.6394683015909568,29.49893863325271,98.84751773049646,mallorquin
2013-02-28,0.5967349124063288,27.19980108908243,0.0,mallorquin
2013-03-31,0.5201384294704599,25.647590302104227,0.0,mallorquin
2013-04-30,0.4902678316152517,23.2216011224707,0.0,mallorquin
2013-05-31,0.5754244880957505,24.95493953096036,0.0,mallorquin
2013-06-30,0.5704980027039719,22.133470126808817,0.0,mallorquin
2013-07-31,0.5935767990309057,20.21796073036661,64.24349881796691,mallorquin
2013-08-31,0.6499804415114298,25.57360439357058,0.0,mallorquin
2013-09-30,0.7494118810716612,29.768326577112624,0.0,mallorquin
2013-10-31,0.7220632291535052,34.8913011469159,34.78132387706856,mallorquin
2013-11-30,0.7826561662123457,34.28426899617023,100.0,mallorquin
2013-12-31,0.7190441995923168,31.608194678563844,99.85224586288416,mallorquin
2014-01-31,0.6990912934521686,31.47240262247342,99.20212765957447,mallorquin
2014-02-28,0.6623924320875074,32.13712923335108,99.0839243498818,mallorquin
2014-03-31,0.622968426081589,33.1305494580807,99.37943262411348,mallorquin
2014-04-30,0.5344028798581836,28.935851244186892,99.49763593380615,mallorquin
2014-05-31,0.6747273003720305,14.495744086338604,7.505910165484633,mallorquin
2014-06-30,0.6129083129210458,35.926527442562076,99.79314420803782,mallorquin
2014-07-31,0.6314061521529238,34.641429528315626,99.55673758865248,mallorquin
2014-08-31,0.5551932935911116,31.948763825537995,83.95390070921985,mallorquin
2014-09-30,0.6986073766019127,35.43773970548389,93.23286052009456,mallorquin
2014-10-31,0.7141510463069409,27.628926531608204,90.95744680851064,mallorquin
2014-11-30,0.7786458382804051,35.204260289813845,99.88179669030734,mallorquin
2014-12-31,0.7474613621625597,31.98894735978725,99.61583924349881,mallorquin
2015-01-31,0.6940312873581865,30.738914199623245,99.34988179669031,mallorquin
2015-02-28,0.6444549094413187,33.353673406582466,99.58628841607565,mallorquin
2015-03-31,0.5335913314141592,35.174600719168694,97.54728132387707,mallorquin
2015-04-30,0.5571909101363777,32.94659748424935,99.61583924349881,mallorquin
2015-05-31,0.5752761970476792,36.830028726432175,99.76359338061465,mallorquin
2015-06-30,0.6391177864691461,35.42527618871189,99.70449172576832,mallorquin
2015-07-31,0.6726730145419967,33.525978128005335,99.822695035461,mallorquin
2015-08-31,0.6833066818602583,37.99206021028814,99.76359338061465,mallorquin
2015-09-30,0.679264192483777,37.69597868885641,99.85224586288416,mallorquin
2015-10-31,0.6142960428546064,33.6157719512899,21.217494089834517,mallorquin
2015-11-30,0.7563402258376717,37.062866742872366,99.76359338061465,mallorquin
2015-12-31,0.7428424270437053,34.188459811493814,99.79314420803782,mallorquin
2016-01-31,0.6905697938854568,32.4744078784752,99.70449172576832,mallorquin
2016-02-29,0.6037495677475092,32.11662605606923,99.49763593380615,mallorquin
2016-03-31,0.6082609354713833,29.537379753501796,99.85224586288416,mallorquin
2016-04-30,0.6151009116108386,30.387617552890507,98.49290780141844,mallorquin
2016-05-31,0.7012018437827219,38.20837934626775,99.61583924349881,mallorquin
2016-06-30,0.7115420946192855,35.468585065536374,99.88179669030734,mallorquin
2016-07-31,0.6770236860042708,31.993186476687185,98.40425531914893,mallorquin
2016-08-31,0.6749950555899575,27.033353775626534,85.13593380614657,mallorquin
2016-09-30,0.7902870563411526,35.556925550944825,98.49290780141844,mallorquin
2016-10-31,0.8186227840260023,36.871347527074484,99.70449172576832,mallorquin
2016-11-30,0.7527979134323584,31.541360550367987,78.04373522458629,mallorquin
2016-12-31,0.7906760651400341,31.19944298618796,99.88179669030734,mallorquin
2017-01-31,0.7356093801038445,29.788470728138314,99.7340425531915,mallorquin
2017-02-28,0.6935411575434315,30.550615370084234,99.7340425531915,mallorquin
2017-03-31,0.6310860911237144,35.412217952961015,99.49763593380615,mallorquin
2017-04-30,0.6223084751962235,37.016726839716334,99.88179669030734,mallorquin
2017-05-31,0.6918165513630956,34.84840339965428,99.97044917257683,mallorquin
2017-06-30,0.6860849946875976,37.023789988848016,0.0,mallorquin
2017-07-31,0.6910490413479307,38.69627974510605,90.45508274231679,mallorquin
2017-08-31,0.7149811304633652,35.94871268548738,0.0,mallorquin
2017-09-30,0.7902348598098268,31.89374636566481,0.0,mallorquin
2017-10-31,0.7544254921571156,29.044682833267586,95.8628841607565,mallorquin
2017-11-30,0.8109130234767538,31.929552135574333,80.40780141843972,mallorquin
2017-12-31,0.7960473370408708,32.79439786397609,99.79314420803782,mallorquin
2018-01-31,0.7304845102542102,27.080531400444602,47.10401891252955,mallorquin
2018-02-28,0.6631030901519931,30.784059032043462,99.34988179669031,mallorquin
2018-03-31,0.5607631856488088,29.058736616177818,97.96099290780141,mallorquin
2018-04-30,0.5710219385657471,30.60989667305225,98.64066193853428,mallorquin
2018-05-31,0.6149703947163958,21.97116058987281,46.48345153664303,mallorquin
2018-06-30,0.6825110450955013,42.92544777851066,99.49763593380615,mallorquin
2018-07-31,0.6408128639558734,27.140973871096026,97.66548463356975,mallorquin
2018-08-31,0.6861100066517141,39.612245038404275,99.76359338061465,mallorquin
2018-09-30,0.6533467973901449,33.95106118208441,0.0,mallorquin
2018-10-31,0.5101898507493786,30.479834227077735,2.33451536643026,mallorquin
2018-11-30,0.6321995338779967,23.925143043430985,53.043735224586285,mallorquin
2018-12-31,0.765151469811289,31.56397640160463,99.70449172576832,mallorquin
2019-01-31,0.6940870457483408,32.326671943395404,99.55673758865248,mallorquin
2019-02-28,0.6471739785844748,29.698098575620588,99.58628841607565,mallorquin
2019-03-31,0.5647207083484996,32.322254980789026,99.70449172576832,mallorquin
2019-04-30,0.5576697024890059,37.780041039086896,99.4385342789598,mallorquin
2019-05-31,0.5045440506026346,26.074084716846173,65.0709219858156,mallorquin
2019-06-30,0.6764905467767635,35.95276432688655,97.31087470449172,mallorquin
2019-07-31,0.5788029572170633,17.446514517633155,34.04255319148936,mallorquin
2019-08-31,0.6719698799639737,37.58181187159576,99.58628841607565,mallorquin
2019-09-30,0.7369981345370666,28.33201737363689,0.0,mallorquin
2019-10-31,0.6877655991934701,20.538093667323835,99.23167848699764,mallorquin
2019-11-30,0.8126957422350894,31.888976711669926,44.2080378250591,mallorquin
2019-12-31,0.739818131556203,29.057439240540557,56.14657210401891,mallorquin
2020-01-31,0.6931908928309551,31.06873402278371,99.14302600472813,mallorquin
2020-02-29,0.5716681728763574,31.576856431560305,99.02482269503547,mallorquin
2020-03-31,0.5519882559785397,33.13202307809047,98.4338061465721,mallorquin
2020-04-30,0.518419253936347,34.7832645027016,97.84278959810875,mallorquin
2020-05-31,0.5528211103349794,38.11520698989985,87.44089834515366,mallorquin
2020-06-30,0.524154647278038,29.827635733179704,93.14420803782507,mallorquin
2020-07-31,0.666093356191206,35.28894407527041,98.40425531914893,mallorquin
2020-08-31,0.5637778002294923,28.624744194070363,98.61111111111111,mallorquin
2020-09-30,0.7109052582042964,39.32643222274382,98.37470449172578,mallorquin
2020-10-31,0.6289384802003984,28.145363131492488,0.0,mallorquin
2020-11-30,0.6570355097695456,15.83051827080294,87.70685579196218,mallorquin
2020-12-31,0.7112075437085332,30.797330878466333,97.4290780141844,mallorquin
2021-01-31,0.7231692821165201,28.57209427378326,59.308510638297875,mallorquin
2021-02-28,0.6024659344292428,31.608158185577903,96.74940898345153,mallorquin
2021-03-31,0.554353669829409,35.609472637108496,0.0,mallorquin
2021-04-30,0.530696640468455,36.621091279245924,0.02955082742316785,mallorquin
2021-05-31,0.6127007206871241,40.54223407239642,94.56264775413712,mallorquin
2021-06-30,0.6393208895879456,35.5201487018174,96.30614657210403,mallorquin
2021-07-31,0.6386423814716157,36.959894489362256,97.25177304964538,mallorquin
2021-08-31,0.6589096967049407,28.153765126188766,93.9420803782506,mallorquin
2021-09-30,0.6939610829203852,34.15883503555853,96.57210401891253,mallorquin
2021-10-31,0.7065260772249138,33.62942026940002,71.92671394799054,mallorquin
2021-11-30,0.7211601371693132,30.040024138794347,96.30614657210403,mallorquin
2021-12-31,0.7143870809369732,31.282341755141864,95.41962174940898,mallorquin
2001-01-31,0.7058731209371646,30.481141870990182,100.0,totumo
2001-02-28,0.6348969331440104,29.614946015886606,0.0,totumo
2001-03-31,0.5881835168098875,31.00950849877955,99.86902423051735,totumo
2001-04-30,0.5289952444543394,26.804736659466688,44.20432220039292,totumo
2001-05-31,0.569664008481912,37.06020940660495,0.0,totumo
2001-06-30,0.5987603805527695,40.86709033214662,37.59004584151932,totumo
2001-07-31,0.6636484399546823,39.78607541229532,97.64243614931237,totumo
2001-08-31,0.5504946657008827,25.73779694487181,45.71054354944336,totumo
2001-09-30,0.7524555076591057,36.809008379602574,92.40340537000655,totumo
2001-10-31,0.7183345332493624,32.6250900474827,0.0,totumo
2001-11-30,0.7321980993490362,29.88136927695832,80.09168303863785,totumo
2001-12-31,0.7232876786635735,17.792573031750837,100.0,totumo
2002-01-31,0.7611023716197794,32.526808693269906,96.46365422396856,totumo
2002-02-28,0.6684594277141029,32.570176343632234,0.0,totumo
2002-03-31,0.6055407753615275,35.32515309101641,99.93451211525868,totumo
2002-04-30,0.5802776672864669,35.89808113874187,0.0,totumo
2002-05-31,0.6236598008540208,39.58590700682322,0.0,totumo
2002-06-30,0.6703028436743925,39.05179909529731,97.05304518664047,totumo
2002-07-31,0.6510950691335429,41.552259631076936,72.4950884086444,totumo
2002-08-31,0.6242086893986908,41.91374555458491,0.0,totumo
2002-09-30,0.6963111136703346,42.40353895244081,0.0,totumo
2002-10-31,0.6931653499603911,40.955781750109225,41.97773411918795,totumo
2002-11-30,0.7345785066750691,33.229864607637815,99.93451211525868,totumo
2002-12-31,0.7506054623282044,34.99774023572149,0.0,totumo
2003-01-31,0.6896526861389655,34.418584362111496,100.0,totumo
2003-02-28,0.40507135713981685,38.72500479903544,87.03339882121807,totumo
2003-03-31,0.3735792843619576,38.4522782964328,100.0,totumo
2003-04-30,0.2271325094906093,36.575549787382116,95.80877537655533,totumo
2003-05-31,0.33212613895797855,45.339470919470216,29.66601178781925,totumo
2003-06-30,0.36154569453043717,43.082131267695026,0.0,totumo
2003-07-31,0.4660594931299291,41.32743815256551,0.0,totumo
2003-08-31,0.44535001035023686,39.3124490637376,0.0,totumo
2003-09-30,0.5399658968663595,37.12192861804893,0.0,totumo
2003-10-31,0.5954341180189513,34.457168867264,0.0,totumo
2003-11-30,0.7075319219005561,32.21365137279818,28.552717747216764,totumo
2003-12-31,0.7690348907011904,31.401860060430142,0.0,totumo
2004-01-31,0.7400899493588989,30.426737366223012,75.90045841519319,totumo
2004-02-29,0.6058027782802847,34.040113546242324,63.9161755075311,totumo
2004-03-31,0.562314471092583,30.759903651283114,96.5946299934512,totumo
2004-04-30,0.6817127736978159,41.08601573129591,60.772757039947614,totumo
2004-05-31,0.6596816454085953,35.88109557617189,75.44204322200393,totumo
2004-06-30,0.7179768368027254,35.8326797358195,0.0,totumo
2004-07-31,0.7705278910072142,37.77450246940751,54.28945645055665,totumo
2004-08-31,0.3507232823490248,25.228463883750017,31.696136214800262,totumo
2004-09-30,0.7866184573649523,32.782106533513534,46.037982973149965,totumo
2004-10-31,0.7745414567266998,34.38529557498986,96.85658153241651,totumo
2004-11-30,0.5387070847402141,14.725213364827608,2.030124426981008,totumo
2004-12-31,0.7480990459226365,33.92115486853117,100.0,totumo
2005-01-31,0.6955430082366056,31.76404253216929,79.76424361493125,totumo
2005-02-28,0.6328789966801647,33.571659564473705,89.3909626719057,totumo
2005-03-31,0.5367828997965604,33.41176699004938,66.40471512770138,totumo
2005-04-30,0.4273756022211071,21.828012897500017,26.719056974459725,totumo
2005-05-31,0.5544756216138347,28.68578338893493,22.134905042567123,totumo
2005-06-30,0.6957257987501912,32.9682104293988,0.0,totumo
2005-07-31,0.8070668375174698,37.60372444955077,78.84741322855272,totumo
2005-08-31,0.8020554073369953,40.03343331104953,66.27373935821873,totumo
2005-09-30,0.798530624205258,36.83505874565156,44.85920104780616,totumo
2005-10-31,0.7702908984662555,31.271202143101196,89.45645055664701,totumo
2005-11-30,0.6837754632229334,17.88797318666668,3.536345776031434,totumo
2005-12-31,0.8034640908844696,36.18077464519687,74.98362802881466,totumo
2006-01-31,0.7179077439489957,33.722153685039395,66.66666666666666,totumo
2006-02-28,0.678447269202158,32.99006394315408,71.70923379174853,totumo
2006-03-31,0.6176643000282293,33.69473455323612,0.0,totumo
2006-04-30,0.5727158936660994,31.720212181829105,0.0,totumo
2006-05-31,0.6013210254832694,34.3738137385444,0.0,totumo
2006-06-30,0.6517634978513461,33.70363216054626,0.0,totumo
2006-07-31,0.6789221431045864,32.83793201161145,57.43287491814014,totumo
2006-08-31,0.7590057276647157,39.206638672419686,100.0,totumo
2006-09-30,0.7627421086201503,34.58184115790324,73.01899148657498,totumo
2006-10-31,0.5878578183073118,31.989369861296318,59.85592665356909,totumo
2006-11-30,0.7290982539873471,33.99351405863283,33.529796987557305,totumo
2006-12-31,0.7421460825865333,34.2895660339534,0.06548788474132286,totumo
2007-01-31,0.6873056477216142,32.066499991171256,81.00851342501637,totumo
2007-02-28,0.6196276013076072,33.11843186368539,0.0,totumo
2007-03-31,0.5500255717461906,34.4763752177688,0.0,totumo
2007-04-30,0.5118396300550783,33.353090395050614,0.0,totumo
2007-05-31,0.5628642590381048,34.497083523653004,0.0,totumo
2007-06-30,0.6039452233768782,32.03928612054936,0.0,totumo
2007-07-31,0.6423489933716465,32.60026047920002,22.920759659463,totumo
2007-08-31,0.6255514636214614,33.79932085783534,0.0,totumo
2007-09-30,0.6829203535314795,36.45375256490568,10.412573673870334,totumo
2007-10-31,0.6622661877935402,30.27623105805104,0.0,totumo
2007-11-30,0.6796020466507461,23.421950060395336,98.03536345776031,totumo
2007-12-31,0.7019918039777281,31.71800221844026,97.11853307138179,totumo
2008-01-31,0.6622235391305911,33.688306315058,73.28094302554028,totumo
2008-02-29,0.6330071642076218,30.694239931073664,73.3464309102816,totumo
2008-03-31,0.5566477937408076,33.658136989918724,72.16764898493778,totumo
2008-04-30,0.5475589128786058,35.26808722322583,68.762278978389,totumo
2008-05-31,0.5138433886915161,21.987038025749506,69.3516699410609,totumo
2008-06-30,0.5718985589840498,24.70096510982142,0.0,totumo
2008-07-31,0.6183333584570639,28.540551785696646,0.0,totumo
2008-08-31,0.5939971897125358,29.389160836326138,0.0,totumo
2008-09-30,0.6577134934275156,33.434444120081956,0.0,totumo
2008-10-31,0.6486540145223265,33.323977724790005,0.0,totumo
2008-11-30,0.7120915637591306,35.8576244858586,58.02226588081205,totumo
2008-12-31,0.7364969221632953,33.532954733421555,0.0,totumo
2009-01-31,0.6873191049642522,28.544687196319327,0.0,totumo
2009-02-28,0.5896340314184855,23.266889277905427,57.82580222658809,totumo
2009-03-31,0.6034314370303445,34.00323043508657,98.10085134250164,totumo
2009-04-30,0.45463797049492366,23.96278403532153,57.82580222658809,totumo
2009-05-31,0.647395744895284,36.057223972243015,84.15193189259988,totumo
2009-06-30,0.6844789932069711,29.68685349500002,80.28814669286182,totumo
2009-07-31,0.7160158205658614,36.93182181878507,84.08644400785855,totumo
2009-08-31,0.6383695634079927,30.062986817459297,60.44531761624099,totumo
2009-09-30,0.6971281443185324,29.213905829154154,0.0,totumo
2009-10-31,0.6957468844351067,24.91634643800002,52.58677144728225,totumo
2009-11-30,0.5492924610800983,17.409767841304365,47.347740667976424,totumo
2009-12-31,0.8014722886406548,32.37758429215019,57.69482645710543,totumo
2010-01-31,0.7272365602601739,32.245279635331144,98.88670595939752,totumo
2010-02-28,0.6187578970085863,35.120277098227625,0.0,totumo
2010-03-31,0.551581216729967,40.569184735184834,65.68434839554682,totumo
2010-04-30,0.5715781396376202,35.24421358976746,76.16240995415848,totumo
2010-05-31,0.5348226700026552,31.81410569369629,22.85527177472168,totumo
2010-06-30,0.5478274778187994,28.339305199252443,0.0,totumo
2010-07-31,0.5233976144972177,25.510448319713184,0.0,totumo
2010-08-31,0.43088764778386124,21.710979866923097,1.7026850032743943,totumo
2010-09-30,0.5482194415152581,27.764588157095993,0.0,totumo
2010-10-31,0.6163363841268273,30.889993578041707,0.0,totumo
2010-11-30,0.7225453040207308,35.24096732800002,50.03274394237066,totumo
2010-12-31,0.6985807556592305,28.1269724587478,75.83497053045186,totumo
2011-01-31,0.6939241156586726,31.00126701541814,75.31106745252129,totumo
2011-02-28,0.6561585263554506,32.97563574211825,79.69875573018992,totumo
2011-03-31,0.5499444701533902,33.26913719507694,12.770137524557956,totumo
2011-04-30,0.5974131293024955,33.29431222700002,74.65618860510806,totumo
2011-05-31,0.6487250488301465,35.80789785452922,0.0,totumo
2011-06-30,0.7232025483294959,33.58272845740973,0.0,totumo
2011-07-31,0.7872611824704833,34.08154748610911,54.158480681074,totumo
2011-08-31,0.7768695230981184,35.95540160433254,54.09299279633268,totumo
2011-09-30,0.8065671569331354,35.0519014767212,80.2226588081205,totumo
2011-10-31,0.7394079212779909,31.80621260071644,21.872953503601835,totumo
2011-11-30,0.6352340931501472,27.755055766860487,11.26391617550753,totumo
2011-12-31,0.7576423870766588,31.251275672625496,67.97642436149313,totumo
2012-01-31,0.6777015593916274,30.367181118939115,66.4702030124427,totumo
2012-02-29,0.5768263111617924,29.037741390890663,58.02226588081205,totumo
2012-03-31,0.5600632059832108,35.567938263369584,72.03667321545514,totumo
2012-04-30,0.5988428613084467,29.442800119675404,72.4950884086444,totumo
2012-05-31,0.579698056818044,33.407434584630245,80.55009823182712,totumo
2012-06-30,0.7051961079661575,37.07800062337939,80.74656188605108,totumo
2012-07-31,0.6282871405292455,21.76957339076925,72.82252783235101,totumo
2012-08-31,0.6898033889774925,34.246855750246326,53.307138179436805,totumo
2012-09-30,0.6963887309255696,27.81856849578687,65.88081204977078,totumo
2012-10-31,0.7643473434574933,21.587644458805993,39.554682383759,totumo
2012-11-30,0.8137938499355415,35.77898938497037,77.47216764898494,totumo
2012-12-31,0.7537444626027372,33.518272475391555,72.82252783235101,totumo
2013-01-31,0.6849512750005533,33.05853817834223,98.36280288146693,totumo
2013-02-28,0.6290323181265765,36.00905930899726,71.18533071381793,totumo
2013-03-31,0.5696624797907179,36.44449875331324,0.0,totumo
2013-04-30,0.5578536834193579,35.012352805654714,0.0,totumo
2013-05-31,0.5856011192099213,37.74598719628107,0.0,totumo
2013-06-30,0.6202057000559301,34.210827617103135,0.0,totumo
2013-07-31,0.6563809759133175,33.251956882720016,73.80484610347085,totumo
2013-08-31,0.6736183710711303,32.906903901919314,0.0,totumo
2013-09-30,0.7732972534939375,33.20909277749151,0.0,totumo
2013-10-31,0.8064463724379739,31.63295958699845,83.69351669941061,totumo
2013-11-30,0.7682417461741792,28.051853265512147,97.31499672560577,totumo
2013-12-31,0.7689029708558419,32.38284526998035,100.0,totumo
2014-01-31,0.7571592374507947,33.05271331222953,100.0,totumo
2014-02-28,0.7148297388284376,34.11549676175739,99.86902423051735,totumo
2014-03-31,0.6698166295501645,35.23880005316482,99.80353634577604,totumo
2014-04-30,0.6163074367559703,34.119436914188306,0.0,totumo
2014-05-31,0.6195041838844751,37.76726076014868,0.06548788474132286,totumo
2014-06-30,0.6407606018954621,36.62104396698966,0.0,totumo
2014-07-31,0.6547245689999412,37.122565415501654,100.0,totumo
2014-08-31,0.6408199587403965,39.76162650213772,100.0,totumo
2014-09-30,0.6280884846471311,40.18300204530552,44.073346430910284,totumo
2014-10-31,0.7033987750459829,28.384066766101714,88.99803536345776,totumo
2014-11-30,0.8175660434185589,35.2007842308328,99.93451211525868,totumo
2014-12-31,0.821693415716012,32.28099275662952,99.93451211525868,totumo
2015-01-31,0.8027312582584623,31.513028661042647,100.0,totumo
2015-02-28,0.7498566071125189,33.21928295245904,100.0,totumo
2015-03-31,0.6878509669899309,35.39772213549755,92.92730844793712,totumo
2015-04-30,0.6936437579864928,33.940645767034084,98.10085134250164,totumo
2015-05-31,0.6235024858283889,28.186101695698376,100.0,totumo
2015-06-30,0.7357029197351477,36.05552456991477,100.0,totumo
2015-07-31,0.7207617760560091,37.45195608058362,100.0,totumo
2015-08-31,0.6828208254864709,41.58320120799731,96.85658153241651,totumo
2015-09-30,0.6504263787868367,44.80018198199155,92.8618205631958,totumo
2015-10-31,0.5393278183964012,34.37616455405407,41.32285527177472,totumo
2015-11-30,0.703012627601681,40.75108389703608,100.0,totumo
2015-12-31,0.672118499936258,41.081315058839365,100.0,totumo
2016-01-31,0.5723607056549355,40.39722245007871,100.0,totumo
2016-02-29,0.48242036822514495,42.373098074696586,99.41060903732809,totumo
2016-03-31,0.4226811255532863,38.92612422637304,95.28487229862476,totumo
2016-04-30,0.37805350822721423,40.18576019897051,100.0,totumo
2016-05-31,0.5593252042934228,44.40808064881313,100.0,totumo
2016-06-30,0.6476673333496891,40.200963103665586,100.0,totumo
2016-07-31,0.6556553758527389,42.83443880942297,100.0,totumo
2016-08-31,0.542528970477963,30.72183240340784,11.722331368696791,totumo
2016-09-30,0.7169710776788963,35.99684005789827,78.5199738048461,totumo
2016-10-31,0.7909049379009161,30.97582523527842,28.945645055664706,totumo
2016-11-30,0.7547204170352875,30.053715541869494,96.46365422396856,totumo
2016-12-31,0.7444575396156968,33.11362018730494,100.0,totumo
2017-01-31,0.7320341914841753,31.476130854977068,100.0,totumo
2017-02-28,0.7257890245452246,32.847393411160674,100.0,totumo
2017-03-31,0.6942198717348359,35.867116583541,99.73804846103471,totumo
2017-04-30,0.69549387745438,36.10984755400658,99.93451211525868,totumo
2017-05-31,0.745209681160755,36.11195664044592,100.0,totumo
2017-06-30,0.7574965551543079,37.11559231044897,0.0,totumo
2017-07-31,0.7629274444282615,40.198125316331385,99.60707269155206,totumo
2017-08-31,0.728531639817361,36.520517578977696,0.0,totumo
2017-09-30,0.7677453511063637,33.24864154566781,0.0,totumo
2017-10-31,0.7503940838761481,28.654881631540864,63.261296660117885,totumo
2017-11-30,0.7890625390550225,28.708562999823034,44.335297969875576,totumo
2017-12-31,0.7771221188835066,33.3357780393574,99.86902423051735,totumo
2018-01-31,0.7516005211937932,35.608317526821345,94.36804191224624,totumo
2018-02-28,0.7044177116426404,33.07452588314101,99.27963326784544,totumo
2018-03-31,0.6254326133323542,29.420375717108453,97.38048461034708,totumo
2018-04-30,0.6352480080837964,39.10485110744585,99.21414538310412,totumo
2018-05-31,0.6872446261964387,39.757528772717784,0.0,totumo
2018-06-30,0.751544119620149,35.81454742355039,55.075311067452525,totumo
2018-07-31,0.6754906072382408,26.85229820378739,20.23575638506876,totumo
2018-08-31,0.73959276633803,39.809323698564405,93.1237721021611,totumo
2018-09-30,0.5673321037535748,35.52240943254511,0.0,totumo
2018-10-31,0.34058959324305677,30.08200006400001,0.3274394237066143,totumo
2018-11-30,0.7614860497234484,30.638138813895104,100.0,totumo
2018-12-31,0.7833949520341368,33.60146438566931,99.60707269155206,totumo
2019-01-31,0.7239256672371681,32.72777727977051,99.21414538310412,totumo
2019-02-28,0.6984021299074331,32.7263605629586,99.01768172888016,totumo
2019-03-31,0.6359430290398297,34.47788598110238,99.34512115258677,totumo
2019-04-30,0.6253953695722637,40.00723981602625,99.47609692206942,totumo
2019-05-31,0.6383846194260977,43.106407890987064,0.0,totumo
2019-06-30,0.6242830429661962,40.29996681913268,25.67125081859856,totumo
2019-07-31,0.6845671384968076,38.55135365126567,99.34512115258677,totumo
2019-08-31,0.6760056955637497,32.5234278722492,99.93451211525868,totumo
2019-09-30,0.7226475512266901,29.97129019858952,0.0,totumo
2019-10-31,0.7099645907130203,25.56362478003939,99.93451211525868,totumo
2019-11-30,0.7715748109975231,35.78123216728973,91.22462344466274,totumo
2019-12-31,0.742380996736891,24.8375636645422,90.8316961362148,totumo
2020-01-31,0.7614975587272634,32.86804945858363,100.0,totumo
2020-02-29,0.6653580056788088,35.15917403981641,100.0,totumo
2020-03-31,0.5429637090865466,39.4392679929574,99.93451211525868,totumo
2020-04-30,0.49566939630564183,42.65193834604653,95.87426326129666,totumo
2020-05-31,0.4951012368036799,50.070839684972995,97.05304518664047,totumo
2020-06-30,0.5949200720449962,35.240606905028926,68.17288801571709,totumo
2020-07-31,0.6603166882006072,26.343622554972956,96.92206941715783,totumo
2020-08-31,0.6560621059390849,30.837453445388554,0.0,totumo
2020-09-30,0.7344699729729576,36.17700954819907,83.03863785199738,totumo
2020-10-31,0.734203666303204,32.05747472851911,42.960052390307794,totumo
2020-11-30,0.7447590681847355,31.22934919082627,0.0,totumo
2020-12-31,0.757545839164876,33.57986594764386,95.67779960707269,totumo
2021-01-31,0.6642370787244475,22.505665459444458,22.789783889980352,totumo
2021-02-28,0.7161266401857883,33.55947770902361,99.41060903732809,totumo
2021-03-31,0.6659214236201219,30.977381564572067,0.0,totumo
2021-04-30,0.6522134217752247,25.19661371112402,74.13228552717747,totumo
2021-05-31,0.7010838616745201,34.90128274982297,99.67256057629339,totumo
2021-06-30,0.7504931662552858,37.69476773873444,99.60707269155206,totumo
2021-07-31,0.783522235930061,36.88096631395412,99.86902423051735,totumo
2021-08-31,0.6907934390356191,26.7808092167635,47.347740667976424,totumo
2021-09-30,0.7352468479552587,35.49391817609024,95.87426326129666,totumo
2021-10-31,0.7690976620589003,34.763816849017815,99.47609692206942,totumo
2021-11-30,0.7536275034333365,28.782926264806942,98.2973149967256,totumo
2021-12-31,0.7554184538826025,31.938388770006572,99.54158480681073,totumo
2001-01-31,0.5760608268974667,31.505663369149637,99.19752378768773,virgen
2001-02-28,0.5058380873458681,31.834155790344962,0.0,virgen
2001-03-31,0.45247016334868184,34.10779496503556,99.24337957124843,virgen
2001-04-30,0.3714418376476584,32.204554591459384,99.01410065344491,virgen
2001-05-31,0.44457363719995413,38.9767041058409,98.81921357331194,virgen
2001-06-30,0.5009017507907451,41.74002711953458,98.93385303221369,virgen
2001-07-31,0.5434061102840689,38.35376345153219,80.46543620314111,virgen
2001-08-31,0.4258167269490823,25.209294144968172,91.4249684741488,virgen
2001-09-30,0.5107570094998952,37.2438389352332,75.3525163361229,virgen
2001-10-31,0.6065734320825789,32.82519768897385,0.0,virgen
2001-11-30,0.6765710900076556,29.407810956269252,35.46944858420268,virgen
2001-12-31,0.6194790648990696,20.919832798830043,50.796744239367186,virgen
2002-01-31,0.601396227073314,33.99799108302191,98.95678092399403,virgen
2002-02-28,0.5118416929285259,32.58977666540963,0.0,virgen
2002-03-31,0.4534719195404949,33.719722510907125,98.15430471168176,virgen
2002-04-30,0.41708945199813996,38.51497002729815,65.40181130345066,virgen
2002-05-31,0.5168705122103686,39.61309264226451,0.0,virgen
2002-06-30,0.581964696101882,37.24285086440676,99.58729794795369,virgen
2002-07-31,0.5530707456274672,39.149198718971704,99.57583400206352,virgen
2002-08-31,0.4934443463172643,31.399854801836543,99.3924108678207,virgen
2002-09-30,0.5455575414456282,33.55279313801261,0.0,virgen
2002-10-31,0.5793129157348272,35.32161975251521,98.44090335893615,virgen
2002-11-30,0.6025882812523969,34.157958079242384,87.16038060300355,virgen
2002-12-31,0.5904384168447527,32.55679416993399,0.0,virgen
2003-01-31,0.49633753439323364,29.04833501798925,99.23191562535824,virgen
2003-02-28,0.3924200613419411,37.00138595237305,99.09434827467615,virgen
2003-03-31,0.3401424953378009,33.23285922758801,98.65871833084948,virgen
2003-04-30,0.0564440643930858,20.83707958327713,4.367763384156826,virgen
2003-05-31,0.4573779502636135,37.75900494271487,98.95678092399403,virgen
2003-06-30,0.45944933387081305,32.80792000738535,0.0,virgen
2003-07-31,0.5017206805604773,35.39173230815287,0.0,virgen
2003-08-31,0.4612727594873704,32.594776709453306,0.0,virgen
2003-09-30,0.47849553444560355,29.097677711361374,0.0,virgen
2003-10-31,0.5227957330075869,28.060893242857166,16.86346440444801,virgen
2003-11-30,0.7018717213108665,34.41229238556026,39.470365699873895,virgen
2003-12-31,0.6605849672696439,31.978007042001675,0.0,virgen
2004-01-31,0.556705049865523,28.91508452093362,84.82173564140777,virgen
2004-02-29,0.43481574852980726,32.4204050719567,59.15396079330506,virgen
2004-03-31,0.3695553285430476,31.367081399376534,84.35171385991057,virgen
2004-04-30,0.49721898901029604,41.5109759138879,61.882379915166794,virgen
2004-05-31,0.5053626155626701,38.935573818747024,65.75719362604609,virgen
2004-06-30,0.5520969551746835,34.03944293271991,0.0,virgen
2004-07-31,0.6101389772081135,36.47728638500002,51.75971569414193,virgen
2004-08-31,0.46745386016319246,33.53228510623113,22.996675455691847,virgen
2004-09-30,0.5203675304028467,32.030343603115604,2.2813252321449045,virgen
2004-10-31,0.6496178890027487,31.648992323927786,85.53250028659865,virgen
2004-11-30,0.4256953319221157,21.86930836434823,51.9546027742749,virgen
2004-12-31,0.6264189016425773,36.73279416357052,79.72027972027972,virgen
2005-01-31,0.553032099124125,33.515268379028456,99.08288432878597,virgen
2005-02-28,0.5121862901333183,33.47354911446875,85.15419007222286,virgen
2005-03-31,0.4229432674546451,34.584656984138434,63.9802820130689,virgen
2005-04-30,0.39247003790177826,15.737391033076943,10.730253353204173,virgen
2005-05-31,0.5755491068761307,34.848037307945646,78.13825518743552,virgen
2005-06-30,0.637465080829793,33.477255503516716,0.0,virgen
2005-07-31,0.6775819706839004,38.38975931889383,64.56494325346785,virgen
2005-08-31,0.651698510706113,40.55372261110939,58.37441247277313,virgen
2005-09-30,0.6098693733601303,38.391158055608734,72.07382781153274,virgen
2005-10-31,0.5697340469222762,22.42685010408165,28.728648400779548,virgen
2005-11-30,0.710735028522828,35.03723690708076,62.455577209675575,virgen
2005-12-31,0.7041919465336899,35.4803995148735,95.55198899461195,virgen
2006-01-31,0.6281285638690257,35.497602524999444,99.3006993006993,virgen
2006-02-28,0.510000199611539,31.751349137205075,72.87630402384501,virgen
2006-03-31,0.45966251395076047,33.909953978728915,54.44227903244296,virgen
2006-04-30,0.4061997440577108,40.700966117992955,54.71741373380718,virgen
2006-05-31,0.3037639926606498,18.11456551538464,0.12610340479192939,virgen
2006-06-30,0.46667791468620734,18.859275104540792,0.0,virgen
2006-07-31,0.6272736660074658,27.159358555981896,15.166800412702052,virgen
2006-08-31,0.6556565987123997,41.23583999496052,92.49111544193511,virgen
2006-09-30,0.6784247793190421,34.38964953290142,95.21953456379686,virgen
2006-10-31,0.5967375835139997,27.29830147862845,53.10099736329244,virgen
2006-11-30,0.7101501326162483,35.58152073476192,96.99644617677404,virgen
2006-12-31,0.6820631165100992,32.585730367060556,86.19740914822881,virgen
2007-01-31,0.6325040428789077,33.44766909550385,99.46119454316175,virgen
2007-02-28,0.5266703932650002,32.822069720442904,0.0,virgen
2007-03-31,0.4529508895735629,32.071166865889765,0.0,virgen
2007-04-30,0.39896606294003356,27.939174762679926,0.0,virgen
2007-05-31,0.4429909098281201,25.936169467450647,25.495815659750086,virgen
2007-06-30,0.6206568958592148,27.858361241590313,51.0260231571707,virgen
2007-07-31,0.6689483568859653,35.87645726240458,54.31617562765104,virgen
2007-08-31,0.5233745849649933,33.54606843781493,17.826435859222745,virgen
2007-09-30,0.7304458009075776,36.24320147736529,40.14673850739425,virgen
2007-10-31,0.6950671990423613,28.859220879194943,0.0,virgen
2007-11-30,0.6275095334938879,22.176543507437717,79.50246474836639,virgen
2007-12-31,0.6672358730492531,32.40322188152298,92.72039435973862,virgen
2008-01-31,0.5954518366213029,33.66448276908336,69.72371890404678,virgen
2008-02-29,0.5263957539732913,32.41995600710652,99.48412243494211,virgen
2008-03-31,0.44170477757715637,34.19697158888993,62.088730941189965,virgen
2008-04-30,0.41040626897134924,31.55503596054834,16.39344262295082,virgen
2008-05-31,0.5023819300850112,24.919781924705564,61.2289349994268,virgen
2008-06-30,0.5560087869192052,24.883560791656144,0.0,virgen
2008-07-31,0.5958114215097484,31.54085565482433,0.0,virgen
2008-08-31,0.5813383195881439,31.984361665311496,10.466582597730138,virgen
2008-09-30,0.5678651270368463,11.091367010000038,0.6190530780694715,virgen
2008-10-31,0.6782504424729515,30.5055789010448,55.04986816462226,virgen
2008-11-30,0.6566889051018937,34.9737647988568,54.728877679697355,virgen
2008-12-31,0.6953433059652406,33.63002729337388,63.968818067178724,virgen
2009-01-31,0.5690717529158534,34.76014725131466,76.31548779089763,virgen
2009-02-28,0.5429847532697644,35.01993193779953,55.85234437693454,virgen
2009-03-31,0.5090583837758893,35.04221251148779,93.45408689670984,virgen
2009-04-30,0.4732118850122321,35.49213557550382,0.022927891780350797,virgen
2009-05-31,0.5098831011716964,36.39288507520203,61.20600710764646,virgen
2009-06-30,0.519146171945552,32.355425770172346,72.26871489166571,virgen
2009-07-31,0.6312146133533665,37.55440090143201,86.1630173105583,virgen
2009-08-31,0.5555545178244896,20.617599348890963,57.60632809813138,virgen
2009-09-30,0.49211663333281763,11.264012904724428,3.5882150636249,virgen
2009-10-31,0.6898547046125764,31.68263550625039,77.22113951622148,virgen
2009-11-30,0.601759328827437,26.947694465931246,64.35859222744469,virgen
2009-12-31,0.6999585732751715,33.943881442763185,63.48733233979136,virgen
2010-01-31,0.621989480602452,33.12302463941616,99.27777140891895,virgen
2010-02-28,0.5318881697282711,34.58997504231053,0.0,virgen
2010-03-31,0.47419720023740736,38.86858136856141,97.61549925484351,virgen
2010-04-30,0.47904503181413166,31.061345984715388,25.518743551530438,virgen
2010-05-31,0.640761290333002,33.78321583364708,49.69620543391035,virgen
2010-06-30,0.6213953375867383,15.541677191126782,28.46497764530551,virgen
2010-07-31,0.5643846555164116,23.205391052624307,0.0,virgen
2010-08-31,0.45328065773368814,25.29904254921115,7.967442393671901,virgen
2010-09-30,0.5998082924193934,27.175416858410486,0.0,virgen
2010-10-31,0.7583643208661266,29.05650008058213,48.400779548320536,virgen
2010-11-30,0.7032139031219586,34.60915907580824,68.73781955749169,virgen
2010-12-31,0.6716654407094359,26.333403899979093,51.97753066605526,virgen
2011-01-31,0.6757618396172174,29.449190476947166,98.81921357331194,virgen
2011-02-28,0.6411597156527903,34.15516564123497,73.22022240055027,virgen
2011-03-31,0.6258598273402312,32.549052013802836,73.05972715808781,virgen
2011-04-30,0.5700524119386058,33.71982259344599,70.98475295196607,virgen
2011-05-31,0.5314181404351436,30.07262447997782,56.689212426917344,virgen
2011-06-30,0.6393513610403398,28.15323953606937,0.0,virgen
2011-07-31,0.7460398728927352,34.22821643424434,47.47219993121632,virgen
2011-08-31,0.7146061350812517,24.785937653695882,59.50934311590049,virgen
2011-09-30,0.7710361561461525,33.916999595190056,54.293247735870686,virgen
2011-10-31,0.7690030543666481,29.093263269336624,41.98096984982231,virgen
2011-11-30,0.7305940393451096,30.434674714995776,40.47919293820933,virgen
2011-12-31,0.7817604783476443,30.920038595248226,73.30047002178149,virgen
2012-01-31,0.7200775677110461,28.330915297651185,73.90805915396079,virgen
2012-02-29,0.6027624621595495,30.343195116441727,71.53502235469449,virgen
2012-03-31,0.5266842042258696,34.134494444079884,59.23420841453628,virgen
2012-04-30,0.5351117781097886,20.084873747740104,19.93580190301502,virgen
2012-05-31,0.5889581390377435,30.372701140145523,81.80671787229164,virgen
2012-06-30,0.730522912791713,31.231666017766745,84.08804310443655,virgen
2012-07-31,0.7571009419789057,34.65604126590088,0.0,virgen
2012-08-31,0.7228370873763366,32.17158623473384,59.85326149260576,virgen
2012-09-30,0.7258847076767705,33.214722798470184,72.61263326837097,virgen
2012-10-31,0.7402711771510028,18.636241878064535,12.598876533302764,virgen
2012-11-30,0.7877572601284983,36.172421438107044,71.32867132867133,virgen
2012-12-31,0.7689384295706703,33.49802982258796,77.51920210936605,virgen
2013-01-31,0.6998557656257355,32.57896673692137,92.1242691734495,virgen
2013-02-28,0.6092304005107104,32.55682682780002,58.431732202224005,virgen
2013-03-31,0.5054451520870148,34.609177686863035,58.97053765906225,virgen
2013-04-30,0.5024420382751091,32.6639208721763,0.0,virgen
2013-05-31,0.5858014862876831,34.49895752569354,0.0,virgen
2013-06-30,0.6476206099417068,30.898878328831657,0.0,virgen
2013-07-31,0.7125820956341347,35.23727892506516,50.108907485956664,virgen
2013-08-31,0.6807431182123663,33.35535383578151,0.0,virgen
2013-09-30,0.7067466075527351,32.05137946511695,0.0,virgen
2013-10-31,0.7446740499483878,31.572257417898893,70.04470938897168,virgen
2013-11-30,0.7374988338193212,27.530077470091594,88.87997248652987,virgen
2013-12-31,0.7448403337834241,32.17721682138146,94.45145018915511,virgen
2014-01-31,0.7410284374058546,32.84685673277944,99.58729794795369,virgen
2014-02-28,0.659694957899466,34.30439008110972,99.62168978562421,virgen
2014-03-31,0.6091008116953515,35.50062850911615,99.58729794795369,virgen
2014-04-30,0.5640290253553136,38.38170295834578,99.63315373151438,virgen
2014-05-31,0.6006088810862612,26.97639757278725,91.50521609538002,virgen
2014-06-30,0.6042127028163791,35.658729514066046,54.488134816003665,virgen
2014-07-31,0.6289633896701792,36.322824802087595,99.58729794795369,virgen
2014-08-31,0.658303467172464,31.31939679690678,75.18055714777027,virgen
2014-09-30,0.7258487569241129,33.56263618716486,15.464863005846613,virgen
2014-10-31,0.6833484025142196,25.763741718762475,49.37521494898544,virgen
2014-11-30,0.7673034923329832,36.794288801068454,99.59876189384386,virgen
2014-12-31,0.7755384160817902,33.98085115403992,99.49558638083228,virgen
2015-01-31,0.7312252515178105,34.441656681525295,99.62168978562421,virgen
2015-02-28,0.6664094369031408,34.20968703140263,99.59876189384386,virgen
2015-03-31,0.57521383218228,36.29863704360543,99.57583400206352,virgen
2015-04-30,0.5993965416672864,37.86719815167777,99.42680270549124,virgen
2015-05-31,0.5976972600510422,38.80362046335329,99.4382666513814,virgen
2015-06-30,0.5836639426805685,37.76910176379172,99.69047346096526,virgen
2015-07-31,0.5056049549901387,30.61153310944485,97.92502579387825,virgen
2015-08-31,0.6526218559016833,38.49514702590598,99.64461767740457,virgen
2015-09-30,0.6481868296374447,40.4485638908712,21.437578814627994,virgen
2015-10-31,0.7021352285975799,38.7152624707775,33.7842485383469,virgen
2015-11-30,0.7126213253957583,36.63259773817954,99.59876189384386,virgen
2015-12-31,0.6913225000094351,34.394414463694844,99.69047346096526,virgen
2016-01-31,0.6453767983950575,35.77198284293823,99.63315373151438,virgen
2016-02-29,0.5556127064475077,34.329729979697376,99.59876189384386,virgen
2016-03-31,0.5123738084446485,34.938982518527375,99.54144216439298,virgen
2016-04-30,0.5287401701396897,36.57520392225427,96.65252780006878,virgen
2016-05-31,0.6141219670491421,36.33212813351564,98.77335778975123,virgen
2016-06-30,0.6453248354652051,33.087425833091885,95.28831823913791,virgen
2016-07-31,0.6533154810832478,37.34534288626565,99.58729794795369,virgen
2016-08-31,0.6016797831410956,36.64606226090755,92.9152814398716,virgen
2016-09-30,0.715185663970134,36.139540231445245,67.79777599449731,virgen
2016-10-31,0.7349530112136311,35.08980868194324,95.1966066720165,virgen
2016-11-30,0.7174511902028712,37.54978589956439,98.95678092399403,virgen
2016-12-31,0.704350908086944,34.11148560184972,99.57583400206352,virgen
2017-01-31,0.6586127440501061,33.26075679622953,99.56437005617333,virgen
2017-02-28,0.611855951466694,33.50756803802937,99.46119454316175,virgen
2017-03-31,0.5626680340216387,36.50276728066779,99.4382666513814,virgen
2017-04-30,0.5405612283945171,36.48302527310274,99.61022583973403,virgen
2017-05-31,0.6073859389304747,36.52099217726507,98.91092514043333,virgen
2017-06-30,0.47926261216933724,16.452476754109608,3.427719821162444,virgen
2017-07-31,0.6719906813414249,39.43509077257941,99.73632924452596,virgen
2017-08-31,0.6844161692663575,37.740961463112484,96.89327066376246,virgen
2017-09-30,0.6895413849406452,34.50239079701885,0.0,virgen
2017-10-31,0.7008449457696572,31.852440625193548,91.5166800412702,virgen
2017-11-30,0.7045741709404856,28.59941988195256,86.66743092972601,virgen
2017-12-31,0.72102872417254,32.42753464914366,99.18605984179754,virgen
2018-01-31,0.6941988663810181,33.58132768531187,98.79628568153159,virgen
2018-02-28,0.6256226599395268,34.10139615191228,99.48412243494211,virgen
2018-03-31,0.5637957682989688,34.066546517556255,77.66823340593832,virgen
2018-04-30,0.5337307491726845,35.47004919530673,96.48056861171615,virgen
2018-05-31,0.39846583517326006,29.968521800000012,0.17195918835263097,virgen
2018-06-30,0.6565831529759028,34.528070787575956,92.60575490083687,virgen
2018-07-31,0.6281638808057143,32.06288955480227,99.72486529863579,virgen
2018-08-31,0.6715702262082308,40.88726858472543,80.46543620314111,virgen
2018-09-30,0.6517293020156552,35.203135090268056,99.63315373151438,virgen
2018-10-31,0.7557278449500612,36.37453918100453,64.71397455004012,virgen
2018-11-30,0.6187053586276329,26.445321439473823,99.81657686575718,virgen
2018-12-31,0.7218414657939235,34.138716618060315,99.0714203828958,virgen
2019-01-31,0.6669915102004889,34.14933626474609,99.70193740685544,virgen
2019-02-28,0.6150734250741128,32.74584453720969,99.58729794795369,virgen
2019-03-31,0.5177695612377194,35.85727072935345,99.55290611028316,virgen
2019-04-30,0.526066910549551,37.89829440380318,99.4382666513814,virgen
2019-05-31,0.6115565242429433,40.344222048533446,0.0,virgen
2019-06-30,0.6911091326332749,38.90665949258025,90.33589361458215,virgen
2019-07-31,0.7016628103229794,37.50670625475695,0.0343918376705262,virgen
2019-08-31,0.651286682288694,30.016724777157663,99.44973059727158,virgen
2019-09-30,0.6386174111455118,33.93938755111352,85.70445947495128,virgen
2019-10-31,0.686088861908752,28.400489493810994,90.22125415568038,virgen
2019-11-30,0.7513087010153554,36.90754125591358,97.73013871374528,virgen
2019-12-31,0.7307239226599018,26.323775374000018,61.2289349994268,virgen
2020-01-31,0.6714075667566636,35.77598992901642,98.77335778975123,virgen
2020-02-29,0.5890598866148254,36.14650011658205,99.50705032672246,virgen
2020-03-31,0.5139106898145008,36.84541869174828,99.33509113836982,virgen
2020-04-30,0.4932675141626997,38.43916511344607,99.64461767740457,virgen
2020-05-31,0.5206607972135009,38.3284497177061,99.41533875960106,virgen
2020-06-30,0.582341389073711,35.15947680018861,99.2548435171386,virgen
2020-07-31,0.6057688057976601,33.76888512996448,99.7134013527456,virgen
2020-08-31,0.6186207364049572,32.080608232068734,97.73013871374528,virgen
2020-09-30,0.6614664351400645,36.669672082142874,98.4179754671558,virgen
2020-10-31,0.723002318238982,32.678837161649405,72.87630402384501,virgen
2020-11-30,0.6288818160127052,13.826337072602755,1.031755130115786,virgen
2020-12-31,0.7193680925644816,34.64364910505447,98.5555428178379,virgen
2021-01-31,0.6735446009414023,34.68889715135162,99.75925713630632,virgen
2021-02-28,0.5986238972243543,35.51544711284881,99.65608162329474,virgen
2021-03-31,0.532406140460305,37.58933559726158,94.76097672818983,virgen
2021-04-30,0.5319634070204629,32.29374246102948,99.59876189384386,virgen
2021-05-31,0.6082032846766524,37.58714068898718,99.55290611028316,virgen
2021-06-30,0.6298664964270344,33.76747013055029,99.72486529863579,virgen
2021-07-31,0.6597293471460067,37.9536782723914,99.80511291986703,virgen
2021-08-31,0.6229156784100526,31.356597477305762,76.13206465665482,virgen
2021-09-30,0.6424818133254021,29.18200319835805,0.0,virgen
2021-10-31,0.6757597818871207,27.43053568435847,90.70273988306775,virgen
2021-11-30,0.718183170828711,34.27183555981087,99.70193740685544,virgen
2021-12-31,0.7145315203359637,33.385030440608176,99.75925713630632,virgen
